City,Source,Comment,CleanComment,Sentiment
Belgrade,YouTubeTargeted,"I just got to belgrade. As I was leaving the airport, someone offered a taxi. I asked how much. He promised ""very little."" I should have pressed for a specific rate. This piece of shit stole $60 from me at the end of the drive. I knew he was ripping me off, and when I got to my hostel I asked the receptionist and heard that it should have been one third as much. Not a great first impression, to be honest.","i just got to belgrade. as i was leaving the airport, someone offered a taxi. i asked how much. he promised ""very little."" i should have pressed for a specific rate. this piece of shit stole $60 from me at the end of the drive. i knew he was ripping me off, and when i got to my hostel i asked the receptionist and heard that it should have been one third as much. not a great first impression, to be honest.",Nötr
Belgrade,YouTubeTargeted,"Just a note for potential visitors: As of January 1, 2025, the public transportation in Belgrade is free for everyone, including visitors. Of course, we will pay for it via other means - through higher utility bills or from the budget to which we all contribute. But, for tourists it is free. Buses and electric buses, trams, trolley-buses, mini vans, and a limited train system to the outskirts of Belgrade. There is no metro (subway).","just a note for potential visitors: as of january 1, 2025, the public transportation in belgrade is free for everyone, including visitors. of course, we will pay for it via other means - through higher utility bills or from the budget to which we all contribute. but, for tourists it is free. buses and electric buses, trams, trolley-buses, mini vans, and a limited train system to the outskirts of belgrade. there is no metro (subway).",Nötr
Belgrade,YouTubeTargeted,"Husband is Serbian, we are in Serbia right now. From Las Vegas USA. Visiting for a month. We have a condo in Kragujevac but currently we are in Belgrade. It’s great. American people have no idea. We have people in the states that Think Serbia is sooo dangerous and Serbians are cruel people. They are just uneducated, and I am American...","husband is serbian, we are in serbia right now. from las vegas usa. visiting for a month. we have a condo in kragujevac but currently we are in belgrade. it’s great. american people have no idea. we have people in the states that think serbia is sooo dangerous and serbians are cruel people. they are just uneducated, and i am american...",Nötr
Belgrade,YouTubeTargeted,"Bus passes are tricky to get hold of - you won't be able to get them from the kiosks dotted around the city as they say in the guide books. The only place you can get them is at 6, Kneza Mihaila, next to the Belgrade Cultural Centre. Go through the ordinary glass front door, then up the stairs to the second floor. We went there a few weeks ago and they didn't have any 3-day passes, only 1-day (which you can't buy in advance, they have to be used on that day), 7-day or 30-day. They 7-day pass costs 800 dinars.","bus passes are tricky to get hold of - you won't be able to get them from the kiosks dotted around the city as they say in the guide books. the only place you can get them is at 6, kneza mihaila, next to the belgrade cultural centre. go through the ordinary glass front door, then up the stairs to the second floor. we went there a few weeks ago and they didn't have any 3-day passes, only 1-day (which you can't buy in advance, they have to be used on that day), 7-day or 30-day. they 7-day pass costs 800 dinars.",Nötr
Belgrade,YouTubeTargeted,"I honestly do NOT feel that you did Belgrade any justice!! I’ve lived here off and on for 4 years, and your “tips” are all super self explanatory except the smoking part... And no Serbians are NOT “happy to help” they actually sincerely frown upon you for only speaking English and not Srpski... However it’s a Slavic thing, AND I agree with THEM! We’re in their country we should speak their language... I hate to give a negative review but you definitely didn’t spend any time on the good parts of Belgrade... Also, Belgrade does NIT represent Serbia as a whole, the rest of the country is quite different ... I’d love it if you’d do a 2nd short talking about the difficulties and issues being a non Serbian speaking / non Cyrillic reading person... MAKE SURE UOU HAVE PHOTO TRANSLATOR ON YOUR PHONE AND INTERNET SUCKS generally here but there are many “free WiFi zone” areas especially near bud stops. Also Public Transportation here is TOP NOTCH TAXI’s... Legit or not you don’t get ripped off and you get where you’re going And belgrade/Serbia is mostly dog friendly also!!!","i honestly do not feel that you did belgrade any justice!! i’ve lived here off and on for 4 years, and your “tips” are all super self explanatory except the smoking part... and no serbians are not “happy to help” they actually sincerely frown upon you for only speaking english and not srpski... however it’s a slavic thing, and i agree with them! we’re in their country we should speak their language... i hate to give a negative review but you definitely didn’t spend any time on the good parts of belgrade... also, belgrade does nit represent serbia as a whole, the rest of the country is quite different ... i’d love it if you’d do a 2nd short talking about the difficulties and issues being a non serbian speaking / non cyrillic reading person... make sure uou have photo translator on your phone and internet sucks generally here but there are many “free wifi zone” areas especially near bud stops. also public transportation here is top notch taxi’s... legit or not you don’t get ripped off and you get where you’re going and belgrade/serbia is mostly dog friendly also!!!",Nötr
Belgrade,YouTubeTargeted,"Btw, the unlicensed cabs are the ones with just a white sign and number on top. The legit ones usually have an actual name such as Lux, Pink, Beogradski, Gold, Alfa Bell etc... altho even the legit taxis are pretty expensive. I would recommend using public transportation with help of google maps. Its practically free, if a controller comes you just say “srednja škola” if you look below 30 or “izlazim na sledećoj” if older. And im not even joking","btw, the unlicensed cabs are the ones with just a white sign and number on top. the legit ones usually have an actual name such as lux, pink, beogradski, gold, alfa bell etc... altho even the legit taxis are pretty expensive. i would recommend using public transportation with help of google maps. its practically free, if a controller comes you just say “srednja škola” if you look below 30 or “izlazim na sledećoj” if older. and im not even joking",Nötr
Belgrade,YouTube_GCP,"Sometimes it is not about the particular country but the novelty and opportunities you get. I am back to Eastern Europe after living outside of Europe, and I can't stand it here and can't wait to get the f out. But there are differences even between countries within the EU.","sometimes it is not about the particular country but the novelty and opportunities you get. i am back to eastern europe after living outside of europe, and i can't stand it here and can't wait to get the f out. but there are differences even between countries within the eu.",Nötr
Belgrade,YouTube_GCP,"I am here in Belgrade temporarily for film work, I am from the UK. What Blair is doing here is not great actually for Serbia in general. The influx of wealthy remote workers and Russians avoiding the draft/war in Russia has pushed the price of housing through the roof here, whereas local salaries have not risen at all. They have issues with food inflation here so grocery shopping is very expensive, even for me. This influx of foreign wealth is not helping the general populace. It’s crazy the Serbian government need to sort out some kind of visa requirement, at the moment you can come here with no visa basically.","i am here in belgrade temporarily for film work, i am from the uk. what blair is doing here is not great actually for serbia in general. the influx of wealthy remote workers and russians avoiding the draft/war in russia has pushed the price of housing through the roof here, whereas local salaries have not risen at all. they have issues with food inflation here so grocery shopping is very expensive, even for me. this influx of foreign wealth is not helping the general populace. it’s crazy the serbian government need to sort out some kind of visa requirement, at the moment you can come here with no visa basically.",Nötr
Belgrade,YouTubeTargeted,"I wouldn't call Belgrade walkable at all. Downtown, yes, but there's so much more to the city.","i wouldn't call belgrade walkable at all. downtown, yes, but there's so much more to the city.",Olumlu
Belgrade,YouTubeTargeted,"THINGS YOU CAN DO FOR FREE IN BELGRADE >>> As of 1/1/2025, public transportation is free (except the A1 shuttle bus from the airport and ""E"" mini buses that you may see here and there). Buses, trams, trolley-buses, and electric buses are free, like a hop on - hop off system. Bus 72 from the airport to Zeleni Venac (wider city center) is also free - with just a short walk to the main pedestrian street which is in the center. Entrance to the Belgrade Fortress and the Saint Sava Temple is free. Entrance to all religious objects is free. Entrance to all parks is free (except the Botanical Garden). Some museums offer free admission on certain days. For example, the National Museum is free on Sundays, others may be giving free admission on other days, you have to Google it, depending on your interests (Belgrade has 52 registered museums, small and large). Entrance to the Ada Lake/beach is free. So, quite a bit of free stuff to do. You can always sit on a park bench and do people-watching, enjoy the sunset at the fortress or at the very impressive Monument to the Unknown Hero at Avala Mountain, walk and ride as much as you want... Tap water is safe and potable, so you don't have to keep on buying bottled water. You can refill at your apartment or hotel, or at that public fountain in the main pedestrian street. If you eat at bakeries and fast food places, you can get a meal for a few bucks. So, done right, Belgrade can be quite affordable.","things you can do for free in belgrade >>> as of 1/1/2025, public transportation is free (except the a1 shuttle bus from the airport and ""e"" mini buses that you may see here and there). buses, trams, trolley-buses, and electric buses are free, like a hop on - hop off system. bus 72 from the airport to zeleni venac (wider city center) is also free - with just a short walk to the main pedestrian street which is in the center. entrance to the belgrade fortress and the saint sava temple is free. entrance to all religious objects is free. entrance to all parks is free (except the botanical garden). some museums offer free admission on certain days. for example, the national museum is free on sundays, others may be giving free admission on other days, you have to google it, depending on your interests (belgrade has 52 registered museums, small and large). entrance to the ada lake/beach is free. so, quite a bit of free stuff to do. you can always sit on a park bench and do people-watching, enjoy the sunset at the fortress or at the very impressive monument to the unknown hero at avala mountain, walk and ride as much as you want... tap water is safe and potable, so you don't have to keep on buying bottled water. you can refill at your apartment or hotel, or at that public fountain in the main pedestrian street. if you eat at bakeries and fast food places, you can get a meal for a few bucks. so, done right, belgrade can be quite affordable.",Olumlu
Belgrade,YouTubeTargeted,Except for the available parking slots the rest of the info is true for almost every Eastern/Central European city. We've to Belgrade a month ago (July 2023) and the info is still actual. Great job!,except for the available parking slots the rest of the info is true for almost every eastern/central european city. we've to belgrade a month ago (july 2023) and the info is still actual. great job!,Olumlu
Belgrade,YouTubeTargeted,"Usually I loath vlogger travel videos, but this one has to be one of the best executed I've seen. Straight to the point, informative and not pretenious. Thanks for the tips!","usually i loath vlogger travel videos, but this one has to be one of the best executed i've seen. straight to the point, informative and not pretenious. thanks for the tips!",Olumlu
Belgrade,YouTube_GCP,"After you start traveling abroad, you really don't want to return to the US.","after you start traveling abroad, you really don't want to return to the us.",Olumlu
Belgrade,YouTube_GCP,"Serbia is.a Slavic country, but it is not in Eastern Europe. Southern more likely. Only Macedonia and Greece are bellow Serbia, on the South. Anyway, we're welcoming all our guests from other countries and Belgrade is full of Ruusians, Americans etc. nowadays. There are more than 200-300K Russians and Ukrainians in Serbia and here they live in peace.","serbia is.a slavic country, but it is not in eastern europe. southern more likely. only macedonia and greece are bellow serbia, on the south. anyway, we're welcoming all our guests from other countries and belgrade is full of ruusians, americans etc. nowadays. there are more than 200-300k russians and ukrainians in serbia and here they live in peace.",Olumlu
Belgrade,YouTube_GCP,Serbian American here and loved the video. Seems like she’s living her best life out there!,serbian american here and loved the video. seems like she’s living her best life out there!,Olumlu
Belgrade,YouTube_GCP,I knew a lot of serbians back in the day. AMAZING people. Ill be going to Serbia for sure!,i knew a lot of serbians back in the day. amazing people. ill be going to serbia for sure!,Olumlu
Belgrade,YouTube_GCP,"Serbia is definitely NOT racist at all. In fact, they prefer mixed race relationships and colorful immigrants. Not just Black Women either, black Men are exemplary desirably by Serbian women and they would do well to go live in that not racist part of Europe. Most Serbians welcome a mixed race society anyway.","serbia is definitely not racist at all. in fact, they prefer mixed race relationships and colorful immigrants. not just black women either, black men are exemplary desirably by serbian women and they would do well to go live in that not racist part of europe. most serbians welcome a mixed race society anyway.",Olumlu
Belgrade,YouTubeTargeted,"You don't need to tip in Serbia. You just round up. For example your bill is 470 dinars, you round to 500. Thats like 2-3 cents.","you don't need to tip in serbia. you just round up. for example your bill is 470 dinars, you round to 500. thats like 2-3 cents.",Olumsuz
Belgrade,YouTube_GCP,"Until she moves at least 6 km from the center, this is just another report from the expat bubble.","until she moves at least 6 km from the center, this is just another report from the expat bubble.",Olumsuz
Lisbon,YouTube_GCP,"I am searching for a place in Lisbon but that is not easy! most of all, it is quite expensive (much more than 300 euros)","i am searching for a place in lisbon but that is not easy! most of all, it is quite expensive (much more than 300 euros)",Nötr
Lisbon,YouTube_GCP,"Thank you for the video, going abroad soon and I am looking at the options! Lisbon definitely on the list.","thank you for the video, going abroad soon and i am looking at the options! lisbon definitely on the list.",Nötr
Lisbon,YouTube_GCP,"Omg, i live in Portugal (not in Lisbon tho) but have been there and it is beautiful but crowded... Ig u live where its least crowded...","omg, i live in portugal (not in lisbon tho) but have been there and it is beautiful but crowded... ig u live where its least crowded...",Olumlu
Lisbon,YouTube_GCP,wow this editing! i love it! (came across the video as i want to go to Lisbon for Erasmus),wow this editing! i love it! (came across the video as i want to go to lisbon for erasmus),Olumlu
Lisbon,YouTube_GCP,"Enjoy!! My erasmus semester was the best time ever, getting me nostalgic to watch that ahah, hope you'll have the best time","enjoy!! my erasmus semester was the best time ever, getting me nostalgic to watch that ahah, hope you'll have the best time",Olumlu
Lomza,YouTubeTargeted,"Im so sorry. This is the thing im most ashamed of about being Polish. I promise you, that when im in Poland (moved to canada in 1987 when i was 6 months old) I tell everyone off if I see, hear, smell racism. On the bus, the metro... anywhere. There are those of us who know better, and _feel_ smarter. Racism is for thr small minded. Im sorry for what you've gone through. Its shameful and I hope that maybe you meet a better polak someday. One who may atleast return some integrity to my ppl. Some still have a lot to learn. In my polish family living in Canada, we're weird for polish ppl. We are super left wing, atheist, and conscious of the racism by (mostly) older polaks or those who are, ""provincial"" take part in. Provincial just means theyre country bumpkins who think being gay is pathological, and being black is ""primiative"" - My family, we FIGHT with other polish ppl we know who fit into that shitty polish group. We cut ties. One of them we stopped talking to becuase he refused to use the rainbow crosswalk supporting LGBTQ+ on our town when we went on walks with our dogs. Anyway, im so sorry.","im so sorry. this is the thing im most ashamed of about being polish. i promise you, that when im in poland (moved to canada in 1987 when i was 6 months old) i tell everyone off if i see, hear, smell racism. on the bus, the metro... anywhere. there are those of us who know better, and _feel_ smarter. racism is for thr small minded. im sorry for what you've gone through. its shameful and i hope that maybe you meet a better polak someday. one who may atleast return some integrity to my ppl. some still have a lot to learn. in my polish family living in canada, we're weird for polish ppl. we are super left wing, atheist, and conscious of the racism by (mostly) older polaks or those who are, ""provincial"" take part in. provincial just means theyre country bumpkins who think being gay is pathological, and being black is ""primiative"" - my family, we fight with other polish ppl we know who fit into that shitty polish group. we cut ties. one of them we stopped talking to becuase he refused to use the rainbow crosswalk supporting lgbtq+ on our town when we went on walks with our dogs. anyway, im so sorry.",Nötr
Lomza,YouTubeTargeted,Heh. You know. I really apreciated polish weather when I went to Norway... It was june actually and I was on festival. Actually I've played then with my band also but it was about 7/8 PM. I stayed later to wait for the star of the evening. They started the show about 11 PM. And it was still like a daylight! I realized then how it must be on the winter. NO DAYLIGHT AT ALL! Almost. It was Islo so not even behind a polar circle. Anyways... I just wanted to syphatize with you that polish weather might be depressing (anyways Chopin's music didn't come from nothing) :) but i think norwegian might kill me... :) Cheers. Have a good time in Poland. #RSPCT,heh. you know. i really apreciated polish weather when i went to norway... it was june actually and i was on festival. actually i've played then with my band also but it was about 7/8 pm. i stayed later to wait for the star of the evening. they started the show about 11 pm. and it was still like a daylight! i realized then how it must be on the winter. no daylight at all! almost. it was islo so not even behind a polar circle. anyways... i just wanted to syphatize with you that polish weather might be depressing (anyways chopin's music didn't come from nothing) :) but i think norwegian might kill me... :) cheers. have a good time in poland. #rspct,Nötr
Lomza,YouTubeTargeted,"You said, that you know 5 or 6 languages. Check latin grammar - Polish isn't very different.","you said, that you know 5 or 6 languages. check latin grammar - polish isn't very different.",Nötr
Lomza,YouTubeTargeted,"I just heard the the sky is dark and gray-good reason NOT to visit Poland. ChatGPT: Poland can definitely have cloudy and gray skies, especially during the fall and winter months. The country experiences a fair amount of overcast weather, and it can get pretty gray and dreary, particularly in the winter. Summer can be sunnier, but cloudy days are still common.","i just heard the the sky is dark and gray-good reason not to visit poland. chatgpt: poland can definitely have cloudy and gray skies, especially during the fall and winter months. the country experiences a fair amount of overcast weather, and it can get pretty gray and dreary, particularly in the winter. summer can be sunnier, but cloudy days are still common.",Nötr
Lomza,YouTubeTargeted,"I just coment on one thing because there are to many. I think from my experience most people are afraid of making mistake while talking, that is why the don't like talking if they not 100% sure or someone start in english at least i am like that.","i just coment on one thing because there are to many. i think from my experience most people are afraid of making mistake while talking, that is why the don't like talking if they not 100% sure or someone start in english at least i am like that.",Nötr
Lomza,YouTubeTargeted,"short message to all 'tourists': no matter what is your color and where are you from - respect our country, respect our culture, respect our people, = you will not have problems here","short message to all 'tourists': no matter what is your color and where are you from - respect our country, respect our culture, respect our people, = you will not have problems here",Nötr
Lomza,YouTubeTargeted,"Being from the US but having lived in Europe it's sad we don't teach and push our kids to learn foreign languages. You would think we would start kids in at least Spanish starting in Kindergarten but we generally don't. When I was an exchange student in Germany I had most people want to speak English with me but luckily my host family did not speak much English so I learned German, it was a Swabian dialect but it was still great.","being from the us but having lived in europe it's sad we don't teach and push our kids to learn foreign languages. you would think we would start kids in at least spanish starting in kindergarten but we generally don't. when i was an exchange student in germany i had most people want to speak english with me but luckily my host family did not speak much english so i learned german, it was a swabian dialect but it was still great.",Nötr
Lomza,YouTube_GCP,I’m from Slovakia were going to Poland for Erasmus,i’m from slovakia were going to poland for erasmus,Nötr
Lomza,YouTube_GCP,Hey I come from Poland u better not say anything bad about my country,hey i come from poland u better not say anything bad about my country,Nötr
Lomza,YouTubeTargeted,"Its true, in main city like Kraków it is becoming expensive, i mean for foreigner's some stuff cheap like bear, and simple food exsample in uk bottle bear 10 pounds, in poland its 2 pounds etc. Same with donner kb. Now polish languages its so hard iv been coming to poland for 6 years now still have not master the basics sentence. Quality of life in poland is fantastic. As a british born Muslims i love the churches and very please to see so many people go to church a great Christian country, i went to church to pay my respect with my polish friends we Muslims love to see Christians becoming very god fearing. Christian nation despite what the zionists media tell u all about Muslims . Every one regardless off there own faith should experience going to church. You will love it. Anyway enjoy poland 🇵🇱","its true, in main city like kraków it is becoming expensive, i mean for foreigner's some stuff cheap like bear, and simple food exsample in uk bottle bear 10 pounds, in poland its 2 pounds etc. same with donner kb. now polish languages its so hard iv been coming to poland for 6 years now still have not master the basics sentence. quality of life in poland is fantastic. as a british born muslims i love the churches and very please to see so many people go to church a great christian country, i went to church to pay my respect with my polish friends we muslims love to see christians becoming very god fearing. christian nation despite what the zionists media tell u all about muslims . every one regardless off there own faith should experience going to church. you will love it. anyway enjoy poland 🇵🇱",Olumlu
Lomza,YouTubeTargeted,"""Polish women are always right"" Ya, that one is kinda m out cultures.","""polish women are always right"" ya, that one is kinda m out cultures.",Olumlu
Lomza,YouTube_GCP,"I always dreamed about studying in EU but, my parents should have payed too much for that and I rejected this proposition. But I will try for my kids to do it","i always dreamed about studying in eu but, my parents should have payed too much for that and i rejected this proposition. but i will try for my kids to do it",Olumlu
Lomza,YouTube_GCP,"Best city for erasmus is Thessaloniki, Greece🇬🇷. Best weather, best food, best nightlife, full of students and best ESN organisation!","best city for erasmus is thessaloniki, greece🇬🇷. best weather, best food, best nightlife, full of students and best esn organisation!",Olumlu
Lomza,YouTube_GCP,"""Stop advertising our country"" - was one of the funniest comments I've read about Poland. It's almost like Japan... you're welcome to visit, but not stay","""stop advertising our country"" - was one of the funniest comments i've read about poland. it's almost like japan... you're welcome to visit, but not stay",Olumlu
Lomza,YouTube_GCP,"i'm so glad hearing that we still make Poland difficult for living .After 20 years in Londonstan,I decided come back home.I can't stand this place anymore.After watching how this country is falling,I can't be a part of this country idiocy,it's against everything what we are so more difficult is very good","i'm so glad hearing that we still make poland difficult for living .after 20 years in londonstan,i decided come back home.i can't stand this place anymore.after watching how this country is falling,i can't be a part of this country idiocy,it's against everything what we are so more difficult is very good",Olumlu
Lomza,YouTube_GCP,"idk how is that for you polish people speak english honestly :D for me, they never do, polish only :\","idk how is that for you polish people speak english honestly :d for me, they never do, polish only :\",Olumlu
Lomza,YouTubeTargeted,Weather is a bit cold but ... Since there is a global warming it might become an advantage.,weather is a bit cold but ... since there is a global warming it might become an advantage.,Olumsuz
Porto,YouTubeTargeted,"Amazing video, I made my Erasmus in 2015-2016 in Porto. I feel so nostalgic watching this clip, it’s like being there once again. It was nice to leave the Italians for the end, in my experience the best friends you could make! I was the only Mexican in the whole faculty, had a fight to a French “gang” and the Italians adopted me as part of their familia","amazing video, i made my erasmus in 2015-2016 in porto. i feel so nostalgic watching this clip, it’s like being there once again. it was nice to leave the italians for the end, in my experience the best friends you could make! i was the only mexican in the whole faculty, had a fight to a french “gang” and the italians adopted me as part of their familia",Olumlu
Porto,YouTubeTargeted,"Love this video, so cool! I'm from Porto and I'm going to Poznan in Erasmus, so excited! Nice work with the video :)","love this video, so cool! i'm from porto and i'm going to poznan in erasmus, so excited! nice work with the video :)",Olumlu
Skopje,YouTubeTargeted,Bende 4 gün sonra gidicem erasmusla oraya,bende 4 gün sonra gidicem erasmusla oraya,Nötr
Skopje,YouTubeTargeted,"Merhabalar,vizeniz kaç hafta sonra sonuçlandı ben de Erasmus için vizeye basvurdum ama hâlâ bekliyorum","merhabalar,vizeniz kaç hafta sonra sonuçlandı ben de erasmus için vizeye basvurdum ama hâlâ bekliyorum",Nötr
Skopje,YouTubeTargeted,"çok eğlenceli ve öğretici bir video olmuş çok gülen arkadaşınla da yaşlanılmaz bu arada hahah, umarım hem eğlenir hem öğrenirsiniz iyi erasmuslar diliyorum simdiden widhwkfd","çok eğlenceli ve öğretici bir video olmuş çok gülen arkadaşınla da yaşlanılmaz bu arada hahah, umarım hem eğlenir hem öğrenirsiniz iyi erasmuslar diliyorum simdiden widhwkfd",Nötr
Sofia,YouTubeTargeted,"It a hidden bit of history and culture that has yet to be fully invaded by Tourists. Some seasonal expats and some permanent. But not many. It's better for a country if its not ruined by millions of visitors each year. Think Cancun, Bali, Dubrovnik, all have paid a price for being discovered and inundated with weekend pass folks.","it a hidden bit of history and culture that has yet to be fully invaded by tourists. some seasonal expats and some permanent. but not many. it's better for a country if its not ruined by millions of visitors each year. think cancun, bali, dubrovnik, all have paid a price for being discovered and inundated with weekend pass folks.",Nötr
Sofia,YouTubeTargeted,Oldest continuously existing state: San Marino (founded in 301 AD) Oldest kingdom still existing: Bulgaria (founded in 681 AD) Oldest European civilization: Greece (ancient culture since ~2000 BC; modern state from 1830) One of the oldest unified European states: France (traditionally dated to 843 AD),oldest continuously existing state: san marino (founded in 301 ad) oldest kingdom still existing: bulgaria (founded in 681 ad) oldest european civilization: greece (ancient culture since ~2000 bc; modern state from 1830) one of the oldest unified european states: france (traditionally dated to 843 ad),Nötr
Sofia,YouTubeTargeted,"We have amphitheatre also. The Amphitheatre of Serdica was among the biggest in the eastern part of the Roman Empire and the largest in what is today Bulgaria. It lay outside the city walls of Serdica and hosted fights between gladiators and wild beasts, which were advertised at the entrance of the city.","we have amphitheatre also. the amphitheatre of serdica was among the biggest in the eastern part of the roman empire and the largest in what is today bulgaria. it lay outside the city walls of serdica and hosted fights between gladiators and wild beasts, which were advertised at the entrance of the city.",Nötr
Sofia,YouTubeTargeted,"Yea, and more recently, a 60 m^2 apartments in Sofia have become as expensive as the French Riviera...","yea, and more recently, a 60 m^2 apartments in sofia have become as expensive as the french riviera...",Nötr
Sofia,YouTubeTargeted,"Actually Sofia is quite big city. Approximately 480 square metres compared to New York city with their 1215 km2 But Sofia is 12 times older, so...","actually sofia is quite big city. approximately 480 square metres compared to new york city with their 1215 km2 but sofia is 12 times older, so...",Nötr
Sofia,YouTube_GCP,"Bravo. You have exceeded expectations very well and I am glad that a person from another country is in Bulgaria. This terrible country in which I was born. Terrible, because there are many pitfalls and troubles, especially for foreigners! Good luck and good luck.","bravo. you have exceeded expectations very well and i am glad that a person from another country is in bulgaria. this terrible country in which i was born. terrible, because there are many pitfalls and troubles, especially for foreigners! good luck and good luck.",Nötr
Sofia,YouTube_GCP,"feeling blessed after knowing your life in Bulgaria. Hopefully, I will join in 2025.","feeling blessed after knowing your life in bulgaria. hopefully, i will join in 2025.",Nötr
Sofia,YouTube_GCP,I will come as erasmus student this october,i will come as erasmus student this october,Nötr
Sofia,YouTube_GCP,I'd like to peruse my Bachelor in Bulgaria but i Don't have enough information about this Country,i'd like to peruse my bachelor in bulgaria but i don't have enough information about this country,Nötr
Sofia,YouTubeTargeted,"Just read Bill Bryson's book where he tours Europe from Hammersted to Istanbul, penultimate stop Sofia. It was written in 1990/2. Nothing in this video that appeals to me, I feel there's so much more to see than a restaurant. I noticed the McDonalds, the death sign for any city of culture. Thanks but no thanks.","just read bill bryson's book where he tours europe from hammersted to istanbul, penultimate stop sofia. it was written in 1990/2. nothing in this video that appeals to me, i feel there's so much more to see than a restaurant. i noticed the mcdonalds, the death sign for any city of culture. thanks but no thanks.",Olumlu
Sofia,YouTubeTargeted,Sofia is so underrated — this city deserves way more love,sofia is so underrated — this city deserves way more love,Olumlu
Sofia,YouTubeTargeted,"Sofia is the most amazing place I've ever visited in my life, full of history, unique culture, kind people, and delicious food, this city has a special place in my heart Thank you for sharing your beautiful moment with us","sofia is the most amazing place i've ever visited in my life, full of history, unique culture, kind people, and delicious food, this city has a special place in my heart thank you for sharing your beautiful moment with us",Olumlu
Sofia,YouTubeTargeted,"""The oldest gold treasury in the world is located at the Varna Necropolis in Bulgaria. This prehistoric burial site contains the oldest gold artifacts and jewelry ever discovered, dating back to 4,600 BC to 4,200 BC. Over 300 graves have been excavated, revealing more than 3,000 gold objects, weighing over 6 kilograms.""","""the oldest gold treasury in the world is located at the varna necropolis in bulgaria. this prehistoric burial site contains the oldest gold artifacts and jewelry ever discovered, dating back to 4,600 bc to 4,200 bc. over 300 graves have been excavated, revealing more than 3,000 gold objects, weighing over 6 kilograms.""",Olumlu
Sofia,YouTubeTargeted,"I didn’t expect to like Sophia when I went there. After 3 days of business trip, I fell in love, the food and the wine!","i didn’t expect to like sophia when i went there. after 3 days of business trip, i fell in love, the food and the wine!",Olumlu
Sofia,YouTube_GCP,i’ve just received the confirmation I entered university of Bulgaria in my erasmus program and I'm very unsure your video made me consider better all the aspects! thank you,i’ve just received the confirmation i entered university of bulgaria in my erasmus program and i'm very unsure your video made me consider better all the aspects! thank you,Olumlu
Sofia,YouTube_GCP,"NJ I am so, so sorry. As a Bulgarian immigrant child for 7 years in the UK I understand everything you say. Because of the negative emotions and experiences I have experienced in the UK I started absolutely hating it. I hope you don’t experience the same emotions in Bulgaria. I know how the hole in your heart bleeding for home hurts but still even with it please appreciate and love Bulgaria, take it as a second home you build. May you go around your day with a smile on your face and with a happy heart, looking at the beauty of BG while loving it all so much as nearly as you love your own home. I wish you to experience the happiness of Bulgaria, may it be brought to you :)","nj i am so, so sorry. as a bulgarian immigrant child for 7 years in the uk i understand everything you say. because of the negative emotions and experiences i have experienced in the uk i started absolutely hating it. i hope you don’t experience the same emotions in bulgaria. i know how the hole in your heart bleeding for home hurts but still even with it please appreciate and love bulgaria, take it as a second home you build. may you go around your day with a smile on your face and with a happy heart, looking at the beauty of bg while loving it all so much as nearly as you love your own home. i wish you to experience the happiness of bulgaria, may it be brought to you :)",Olumlu
Sofia,YouTube_GCP,"Hey Amazing video. I am personally Bulgarian and would say that our country is really hardcore even for Bulgarians, because of that much respect to you and all the international students that are coming here to study and to live in our country I hope that you feel comfortable and enjoy the time here. Me personally I am also immigrant/ expat so I felt what you’ve said. It’s not easy definitely but it is rewarding and makes us stronger Also the experience and the memories would be amazing when we eventually go back home.","hey amazing video. i am personally bulgarian and would say that our country is really hardcore even for bulgarians, because of that much respect to you and all the international students that are coming here to study and to live in our country i hope that you feel comfortable and enjoy the time here. me personally i am also immigrant/ expat so i felt what you’ve said. it’s not easy definitely but it is rewarding and makes us stronger also the experience and the memories would be amazing when we eventually go back home.",Olumlu
Sofia,YouTube_GCP,"I admire your English so much! I hope you like my country, this video is so great.","i admire your english so much! i hope you like my country, this video is so great.",Olumlu
Sofia,YouTubeTargeted,"3rd class, rubbish city with racist people.","3rd class, rubbish city with racist people.",Olumsuz
Sofia,YouTubeTargeted,Maximum try to help Small Businesses kindness Natures persons .,maximum try to help small businesses kindness natures persons .,Olumsuz
Vilnius,YouTubeTargeted,Visited Vilnius at a similar time to you. Such an underrated city and country. Totally fell in love with Lithuania and have been back several times since.,visited vilnius at a similar time to you. such an underrated city and country. totally fell in love with lithuania and have been back several times since.,Nötr
Vilnius,YouTubeTargeted,This is lovely video to watch. I do wish it had covered some of the less-than-fairy-tale aspects of the history of Vilnius such as the genocide of its entire Jewish population in 1941.,this is lovely video to watch. i do wish it had covered some of the less-than-fairy-tale aspects of the history of vilnius such as the genocide of its entire jewish population in 1941.,Nötr
Vilnius,YouTube_GCP,"Iam planing to come lithuania with work permit, how is the salary.","iam planing to come lithuania with work permit, how is the salary.",Nötr
Vilnius,YouTubeTargeted,Lovely Vlog about this amazing city. Really enjoy the style of your presentation with poetic structure of the language usage which really stands out from all other YouTubers nowadays. Visiting Vilnius in mid Aug. and this is a great introduction of what to expect. I suppose it will not be as quiet as the time of the year in your introduction but still going to be amazing! Cheers! Thanks again for the lovely Video!,lovely vlog about this amazing city. really enjoy the style of your presentation with poetic structure of the language usage which really stands out from all other youtubers nowadays. visiting vilnius in mid aug. and this is a great introduction of what to expect. i suppose it will not be as quiet as the time of the year in your introduction but still going to be amazing! cheers! thanks again for the lovely video!,Olumlu
Vilnius,YouTubeTargeted,"Great work really. I love the format, you make it a very immersive experience. And the rich descriptive vocabulary is so refreshing to hear in travel vlog.","great work really. i love the format, you make it a very immersive experience. and the rich descriptive vocabulary is so refreshing to hear in travel vlog.",Olumlu
Vilnius,YouTubeTargeted,"I agree with you on the soviet apartment blocks, they really ruin the view in most places but the good news is that almost all of them will be renovated sooner or later! Also a few thing to clear up: Pilies street - castle street Kalnų park (not kalnai) - Hill's/Mountain's park those big meat dumplings are called cepelinai or zeppelin after the flying blimps (zeppelins)","i agree with you on the soviet apartment blocks, they really ruin the view in most places but the good news is that almost all of them will be renovated sooner or later! also a few thing to clear up: pilies street - castle street kalnų park (not kalnai) - hill's/mountain's park those big meat dumplings are called cepelinai or zeppelin after the flying blimps (zeppelins)",Olumlu
Vilnius,YouTubeTargeted,"My husband and I watched your video about Vilnius, Lithuania, tonight. We have never responded to anything online. However, it was so important that we figured a way to do so. To provide context, my husband was born and raised in Vilnius from 1962 to ‘75. These years, are of course before your time; but, we’re reaching out to tell you that your video resonated so much with him. He lived under the Russian regime and fled to North America in 1975. You weren’t born then, but your video captured the”storey book” essence of his home town. It resonated with us so much that we had to reach out. Your video brought my husband to tears.","my husband and i watched your video about vilnius, lithuania, tonight. we have never responded to anything online. however, it was so important that we figured a way to do so. to provide context, my husband was born and raised in vilnius from 1962 to ‘75. these years, are of course before your time; but, we’re reaching out to tell you that your video resonated so much with him. he lived under the russian regime and fled to north america in 1975. you weren’t born then, but your video captured the”storey book” essence of his home town. it resonated with us so much that we had to reach out. your video brought my husband to tears.",Olumlu
Vilnius,YouTubeTargeted,"Such a beautiful video!! Another sound not to miss out on is that of the few old trolleybuses that still remain or otherwise the new trolleybuses, they're electric motors make a beautiful and friendly noise.","such a beautiful video!! another sound not to miss out on is that of the few old trolleybuses that still remain or otherwise the new trolleybuses, they're electric motors make a beautiful and friendly noise.",Olumlu
Vilnius,YouTubeTargeted,"Vilnius can not be presented without Jews. Vilna Gaon and famous Synagogue is the masterpiece of Litvak culture and massive presence. And btw many foods you taste in Lituania has its origins in jewish Yidish culture and cuisine... potato Kugel ( Kugelis) , Silke ( Hering) , Cepelianai with curd ( su varske), Balandeliai in cabbage leaves + meat with rice and soooo much more.... And even more if you want to taste Lithuanian cuisine you candy this also in Johannesburg ( South Africa) where most of Ltvaks settled and preserved all traditions including food","vilnius can not be presented without jews. vilna gaon and famous synagogue is the masterpiece of litvak culture and massive presence. and btw many foods you taste in lituania has its origins in jewish yidish culture and cuisine... potato kugel ( kugelis) , silke ( hering) , cepelianai with curd ( su varske), balandeliai in cabbage leaves + meat with rice and soooo much more.... and even more if you want to taste lithuanian cuisine you candy this also in johannesburg ( south africa) where most of ltvaks settled and preserved all traditions including food",Olumlu
Vilnius,YouTubeTargeted,🇱🇹🇺🇦 Thanks Vilnius is a very nice city,🇱🇹🇺🇦 thanks vilnius is a very nice city,Olumlu
Vilnius,YouTubeTargeted,"King Sigismund II August basically brought his royal court, courtesans and artisans from Krakow to his beloved Vilnius! He really rebuilt the city. The second elected king, Stefan Bathory established Vilnius's university!","king sigismund ii august basically brought his royal court, courtesans and artisans from krakow to his beloved vilnius! he really rebuilt the city. the second elected king, stefan bathory established vilnius's university!",Olumlu
Vilnius,YouTubeTargeted,"You have a gift of being able to provide a different experience than most regular travel channels! That being said, a ""better"" camera would add some glitter to your videos :D 4k, or something, i'm no expert :) Good luck in your future experiences and thank you for being honest, interesting, different!","you have a gift of being able to provide a different experience than most regular travel channels! that being said, a ""better"" camera would add some glitter to your videos :d 4k, or something, i'm no expert :) good luck in your future experiences and thank you for being honest, interesting, different!",Olumlu
Vilnius,YouTube_GCP,I’m so happy today bcz I received the pre acceptance letter from this university and I’m excited to be a student there!,i’m so happy today bcz i received the pre acceptance letter from this university and i’m excited to be a student there!,Olumlu
Vilnius,YouTube_GCP,Good day our beloved Lithuanian brothers and sisters. A huge greeting from the bottom of my heart from Ukraine to each and every one of you.,good day our beloved lithuanian brothers and sisters. a huge greeting from the bottom of my heart from ukraine to each and every one of you.,Olumlu
Vilnius,YouTube_GCP,Very soon I'll get admission in this university.,very soon i'll get admission in this university.,Olumlu
Warsaw,YouTubeTargeted,You just outlined what comes with living in any big city,you just outlined what comes with living in any big city,Nötr
Warsaw,YouTubeTargeted,"Bródno (9th/10th century): A small fortified settlement (gród) in the north-eastern part of modern Warsaw, destroyed around 1040. Kamion (11th century): A settlement near the present-day Warszawa Wschodnia station. Jazdów (12th/13th century): A nearby fortified, residential, and administrative settlement that was destroyed, leading to the development of the new site. Warsaw has existed since approximately 1300, serving primarily as the capital of Poland (or its predecessor states) for most of its history, though it was occupied by Prussia, Russia, and Germany during the partitions (1795–1918) and WWII. It is currently the capital of the Republic of Poland, a role it officially held from 1596–1795 and 1918–present. Key Historical Affiliations (Approx. 1300–Present): c. 1300–1526: Duchy of Masovia (independent/Polish vassal): Founded as a trading post, later becoming the capital of the Duchy of Masovia. 1526–1795: Kingdom of Poland/Polish–Lithuanian Commonwealth: Incorporated into Poland (1526), becoming the seat of the Sejm (1569) and the official capital (1596). 1795–1806: Kingdom of Prussia: Annexed by Prussia during the Third Partition of Poland, becoming part of the province of South Prussia. 1807–1815: Duchy of Warsaw: Created by Napoleon Bonaparte as a French puppet state. 1815–1918: Russian Empire (Congress Poland): Following Napoleon’s defeat, it became the capital of a kingdom linked to Russia, eventually losing autonomy. 1918–1939: Republic of Poland (Second Republic): Restored as the capital of independent Poland. It was a part of Germany in 1939-1945 Then a part of Poland for the rest of its life","bródno (9th/10th century): a small fortified settlement (gród) in the north-eastern part of modern warsaw, destroyed around 1040. kamion (11th century): a settlement near the present-day warszawa wschodnia station. jazdów (12th/13th century): a nearby fortified, residential, and administrative settlement that was destroyed, leading to the development of the new site. warsaw has existed since approximately 1300, serving primarily as the capital of poland (or its predecessor states) for most of its history, though it was occupied by prussia, russia, and germany during the partitions (1795–1918) and wwii. it is currently the capital of the republic of poland, a role it officially held from 1596–1795 and 1918–present. key historical affiliations (approx. 1300–present): c. 1300–1526: duchy of masovia (independent/polish vassal): founded as a trading post, later becoming the capital of the duchy of masovia. 1526–1795: kingdom of poland/polish–lithuanian commonwealth: incorporated into poland (1526), becoming the seat of the sejm (1569) and the official capital (1596). 1795–1806: kingdom of prussia: annexed by prussia during the third partition of poland, becoming part of the province of south prussia. 1807–1815: duchy of warsaw: created by napoleon bonaparte as a french puppet state. 1815–1918: russian empire (congress poland): following napoleon’s defeat, it became the capital of a kingdom linked to russia, eventually losing autonomy. 1918–1939: republic of poland (second republic): restored as the capital of independent poland. it was a part of germany in 1939-1945 then a part of poland for the rest of its life",Nötr
Warsaw,YouTubeTargeted,"I moved from Canada to Asia, specifically the Philippines and I hate it here, it’s very dirty and everything is poor quality especially the food and although the people are nice on the surface, it’s a culture of begging and no ambition. The truth is much of Asia is this way, scams everywhere. My mother is polish and died here in the Philippines, partly due to the brutal medical system. I now have this urge to move to Poland. I want to around white people again, a structured society where I can feel safe, great food, speak to normal people. The west is falling apart, Asia except for Japan is really uncivilized, so that really leaves a couple of countries in Europe, and I speak some polish and although my wife is a Filipina, my kids hate this country, so I’m gonna start making plans to move to Poland","i moved from canada to asia, specifically the philippines and i hate it here, it’s very dirty and everything is poor quality especially the food and although the people are nice on the surface, it’s a culture of begging and no ambition. the truth is much of asia is this way, scams everywhere. my mother is polish and died here in the philippines, partly due to the brutal medical system. i now have this urge to move to poland. i want to around white people again, a structured society where i can feel safe, great food, speak to normal people. the west is falling apart, asia except for japan is really uncivilized, so that really leaves a couple of countries in europe, and i speak some polish and although my wife is a filipina, my kids hate this country, so i’m gonna start making plans to move to poland",Nötr
Warsaw,YouTubeTargeted,"just found your channel exploring about moving to Poland. I have to say the Polish culture in general is very clannish. Also the Warsaw culture was different before the war than after. It was mostly decimated in the war so that culture became the diaspora. Then after that it was the communist era and it's just really kind of nouveau city because Solidarity was still active in the late '80s so we are talking less than 50 years of redevelopment. Long post but, anyway, the part of traveling is to experience the world and I commend you for assimilating with language, etc. I will probably not be moving there. If anything, I would visit there and other countries but I find the Polish culture to be offputting, even those who came to America bring their ""game"" with them and mostly flock together. And just FYI, my family for at least 5 generations, is from there. All very best regards,","just found your channel exploring about moving to poland. i have to say the polish culture in general is very clannish. also the warsaw culture was different before the war than after. it was mostly decimated in the war so that culture became the diaspora. then after that it was the communist era and it's just really kind of nouveau city because solidarity was still active in the late '80s so we are talking less than 50 years of redevelopment. long post but, anyway, the part of traveling is to experience the world and i commend you for assimilating with language, etc. i will probably not be moving there. if anything, i would visit there and other countries but i find the polish culture to be offputting, even those who came to america bring their ""game"" with them and mostly flock together. and just fyi, my family for at least 5 generations, is from there. all very best regards,",Nötr
Warsaw,YouTubeTargeted,"To be honest, I find Warsaw quite boring for a capital city. The service culture can feel very rigid, even compared to other European cities, and some people get upset when you speak English. Many museums are also difficult to fully enjoy if you don’t speak Polish. Poles are also very unfriendly even when compared to other Europeans. Of course not everyone is the same, I have one Polish friend and she is great. That said, it’s very safe. The only crimes I’ve really heard about involve locals having their cars stolen. But I’ve also encountered racism and homophobia that reminded me more of rednecks from the USA than of a capital in the EU. The city lacks charm and the people tend to be not friendly and borderline rude at times but very proud.","to be honest, i find warsaw quite boring for a capital city. the service culture can feel very rigid, even compared to other european cities, and some people get upset when you speak english. many museums are also difficult to fully enjoy if you don’t speak polish. poles are also very unfriendly even when compared to other europeans. of course not everyone is the same, i have one polish friend and she is great. that said, it’s very safe. the only crimes i’ve really heard about involve locals having their cars stolen. but i’ve also encountered racism and homophobia that reminded me more of rednecks from the usa than of a capital in the eu. the city lacks charm and the people tend to be not friendly and borderline rude at times but very proud.",Nötr
Warsaw,YouTubeTargeted,"Thanks for the helpful comparison, Wes. Considering dividing my time in Colombia and Poland. Discovered your channel while researching a trip to Colombia in 2024. I have a path to rapid naturalization based on Polish ancestry that requires me to pass Polish language exams and spend part of about 2.5 years in Poland. (Already speak fluent Ukrainian and Russian and passable Spanish.) I've been to Krakow about 14 or 15 times and have spent a bit of time in Warsaw in the summertime while waiting to renew my US passport since the US embassy in Kyiv was closed due to the war. You descriptions of pros and cons of life in Krakow and Warsaw are pretty dead-on. Keep up the good work!","thanks for the helpful comparison, wes. considering dividing my time in colombia and poland. discovered your channel while researching a trip to colombia in 2024. i have a path to rapid naturalization based on polish ancestry that requires me to pass polish language exams and spend part of about 2.5 years in poland. (already speak fluent ukrainian and russian and passable spanish.) i've been to krakow about 14 or 15 times and have spent a bit of time in warsaw in the summertime while waiting to renew my us passport since the us embassy in kyiv was closed due to the war. you descriptions of pros and cons of life in krakow and warsaw are pretty dead-on. keep up the good work!",Nötr
Warsaw,YouTubeTargeted,"Elitism is creeping into Warsaw, it seems. I never thought I would see the day; Poland was usually quite rustic and traditional. Oh well, they are joining the Western European nations - with high inflation and impersonal, snobby people.","elitism is creeping into warsaw, it seems. i never thought i would see the day; poland was usually quite rustic and traditional. oh well, they are joining the western european nations - with high inflation and impersonal, snobby people.",Nötr
Warsaw,YouTubeTargeted,I think it is also important to mention that in poland some utra right violent political parties and movements are on the rise. More and more attacks happening on the people of a different skin color.,i think it is also important to mention that in poland some utra right violent political parties and movements are on the rise. more and more attacks happening on the people of a different skin color.,Nötr
Warsaw,YouTubeTargeted,Go to Skarzysko-Kamienna small town city vibes with traditional women in abundance. 90 miles south of Warsaw,go to skarzysko-kamienna small town city vibes with traditional women in abundance. 90 miles south of warsaw,Nötr
Warsaw,YouTubeTargeted,"Salaries in Katowice are comparable to those in Warsaw, with the only difference being that the cost of living is much lower than in Warsaw. From Katowice, I can reach 5 different countries within 5 hours by car, and I can be in the Polish, Slovak, or Czech mountains within an hour, while outside of Warsaw there is nothing interesting.","salaries in katowice are comparable to those in warsaw, with the only difference being that the cost of living is much lower than in warsaw. from katowice, i can reach 5 different countries within 5 hours by car, and i can be in the polish, slovak, or czech mountains within an hour, while outside of warsaw there is nothing interesting.",Nötr
Warsaw,YouTubeTargeted,"From my personal experience, the further north you go in Europe, the harder it gets to build genuine human connections. Poland is already leaning that way, close to Scandinavia, even the weather feels almost the same. Meanwhile, in South-Eastern Europe and the Balkans, friendships form much more naturally. Of course, you won’t always get the same level of order or infrastructure you see in Poland or Scandinavia, but you will find warmer vibes, better energy, and sunnier skies. I honestly believe weather shapes people more than we realize. In Central and Northern Europe, you’ve got long, dark winters and endless rain, people stay inside, become more withdrawn and over time even a bit alienated or depressed. They also become ""work alcoholics"" as they mistakenly believe that money will fix the original problem. If you feel depressed no matter where you are, that’s an inner issue you need to face. But if it only happens in certain countries, then maybe it’s not you, maybe it’s the vibe of that place. And i will take it even further and say it can actually be a sign you shouldn't be there to begin with, that you are not meant to be there. Not every land resonates with everyone’s mentality or energy.","from my personal experience, the further north you go in europe, the harder it gets to build genuine human connections. poland is already leaning that way, close to scandinavia, even the weather feels almost the same. meanwhile, in south-eastern europe and the balkans, friendships form much more naturally. of course, you won’t always get the same level of order or infrastructure you see in poland or scandinavia, but you will find warmer vibes, better energy, and sunnier skies. i honestly believe weather shapes people more than we realize. in central and northern europe, you’ve got long, dark winters and endless rain, people stay inside, become more withdrawn and over time even a bit alienated or depressed. they also become ""work alcoholics"" as they mistakenly believe that money will fix the original problem. if you feel depressed no matter where you are, that’s an inner issue you need to face. but if it only happens in certain countries, then maybe it’s not you, maybe it’s the vibe of that place. and i will take it even further and say it can actually be a sign you shouldn't be there to begin with, that you are not meant to be there. not every land resonates with everyone’s mentality or energy.",Nötr
Warsaw,YouTubeTargeted,"Polish people are currently on edge worried that if they don't strictly limit immigration, they will end up like the UK, Sweden, Germany, etc. places completely overrun with migrants who don't care about their culture or language at all. I don't blame them. Mass migration erases culture, erases people.","polish people are currently on edge worried that if they don't strictly limit immigration, they will end up like the uk, sweden, germany, etc. places completely overrun with migrants who don't care about their culture or language at all. i don't blame them. mass migration erases culture, erases people.",Nötr
Warsaw,YouTubeTargeted,You live in a different country like every year. I doubt you regret anything you have no homeland you just wonder from place to place. Perhaps these people who actually live here sense that.,you live in a different country like every year. i doubt you regret anything you have no homeland you just wonder from place to place. perhaps these people who actually live here sense that.,Nötr
Warsaw,YouTubeTargeted,I think that you are lost within yourself. Saying that there is lack of opportunities in Cracow is really silly however the overall statement that living in the city is hard is of course true. I wonder I why do you keep trying to find a happiness by living in the city. Nature is what you need to see outside of your window not another building. I live in a small village and I work in a city and this is quite good combination- try it.,i think that you are lost within yourself. saying that there is lack of opportunities in cracow is really silly however the overall statement that living in the city is hard is of course true. i wonder i why do you keep trying to find a happiness by living in the city. nature is what you need to see outside of your window not another building. i live in a small village and i work in a city and this is quite good combination- try it.,Nötr
Warsaw,YouTube,I got admit into Warsaw university of technology now all set for visa...,i got admit into warsaw university of technology now all set for visa...,Nötr
Warsaw,YouTube,i have to say that i live close to a medium city in case of population in poland and the situation with the language is only in warsaw and maybe kraków i think,i have to say that i live close to a medium city in case of population in poland and the situation with the language is only in warsaw and maybe kraków i think,Nötr
Warsaw,YouTube,"Warsaw is quite diverse. You hate all the noise, but I assume you live in the city center. If you move to Wawer district, you will find yourself in different and peaceful place. You can even find a place that will give you impression of leaving in the middle of forest","warsaw is quite diverse. you hate all the noise, but i assume you live in the city center. if you move to wawer district, you will find yourself in different and peaceful place. you can even find a place that will give you impression of leaving in the middle of forest",Nötr
Warsaw,YouTube,"I can recommend you restaurant Mei kuchnia koreańska. I have been to Warsaw twice in recent years and I miss this food very much. It's a shame that Warsaw is so far away because I could go there just to eat the chicken again Unfortunately, I don't remember what the dish was called, but the other dishes were good too. After the last concert in Warsaw that I attended, I fell in love with this city, but I live in the countryside near Krakow and I wouldn't trade it for any big city. anyway I wish you all the best, I watch your channel and I am full of admiration that you like Poland. maybe 20 years ago I would have thought you were crazy, but seeing how Poland has changed for the better in recent years, and the rest of the world has gone crazy... I am not surprised that you like it here. me too! I am glad that I was born in this country.","i can recommend you restaurant mei kuchnia koreańska. i have been to warsaw twice in recent years and i miss this food very much. it's a shame that warsaw is so far away because i could go there just to eat the chicken again unfortunately, i don't remember what the dish was called, but the other dishes were good too. after the last concert in warsaw that i attended, i fell in love with this city, but i live in the countryside near krakow and i wouldn't trade it for any big city. anyway i wish you all the best, i watch your channel and i am full of admiration that you like poland. maybe 20 years ago i would have thought you were crazy, but seeing how poland has changed for the better in recent years, and the rest of the world has gone crazy... i am not surprised that you like it here. me too! i am glad that i was born in this country.",Nötr
Warsaw,YouTubeTargeted,"BTW Warsaw is true love or hate city. If you feel like it’s not your thing after couple of months you should change it haha. Lived for 5 years there, loved it.","btw warsaw is true love or hate city. if you feel like it’s not your thing after couple of months you should change it haha. lived for 5 years there, loved it.",Olumlu
Warsaw,YouTubeTargeted,"I've been in Warsaw few times, both for private and work matters and to be hones I cannot imagine to live there. I like city life but for some reason Warszawa is for me in many ways ""too"". Too big, too noisy, to crowded ect. I lived in Szczecin, 7th biggest city in Poland, most of my life so that's not that I don't like big cities in general. Tbh now living in smaller city I even miss the big city life a bit. I guess it is just not your city to live but im sure you'll find your place in some time. I'm looking for that too. So the best for both for us to find it.","i've been in warsaw few times, both for private and work matters and to be hones i cannot imagine to live there. i like city life but for some reason warszawa is for me in many ways ""too"". too big, too noisy, to crowded ect. i lived in szczecin, 7th biggest city in poland, most of my life so that's not that i don't like big cities in general. tbh now living in smaller city i even miss the big city life a bit. i guess it is just not your city to live but im sure you'll find your place in some time. i'm looking for that too. so the best for both for us to find it.",Olumlu
Warsaw,YouTubeTargeted,Give Rzeszow a try. That’s my husband’s hometown. There seems to be a lot of new business opportunity there. It’s amazing how much this city has grown over the last decade. You might get your small town feeling with more business opportunities there. Wishing you all the best!,give rzeszow a try. that’s my husband’s hometown. there seems to be a lot of new business opportunity there. it’s amazing how much this city has grown over the last decade. you might get your small town feeling with more business opportunities there. wishing you all the best!,Olumlu
Warsaw,YouTubeTargeted,"Spokane Washington is clean with clean air & you get the best of both city and nature. We moved out of LA in 2005 and it is the best decision we ever made. After traveling & moving to different cities and states. I called Spokane a "" paradise "" cause we're surrounded by Canada, Idaho, Oregano coast, and Montana. We're always doing mini weekend vacations. Low humidity summer is the best here (water sport activities, huckleberry/berries picking in the mountain, lots of mountain bike ride) & I'm reluctant to travel outside US during the summer. Winter brings snow skiing & ice fishing if snow...as in any states, you'll find small pockets of homelessness especially in downtown near the food banks and Catholic church.","spokane washington is clean with clean air & you get the best of both city and nature. we moved out of la in 2005 and it is the best decision we ever made. after traveling & moving to different cities and states. i called spokane a "" paradise "" cause we're surrounded by canada, idaho, oregano coast, and montana. we're always doing mini weekend vacations. low humidity summer is the best here (water sport activities, huckleberry/berries picking in the mountain, lots of mountain bike ride) & i'm reluctant to travel outside us during the summer. winter brings snow skiing & ice fishing if snow...as in any states, you'll find small pockets of homelessness especially in downtown near the food banks and catholic church.",Olumlu
Warsaw,YouTubeTargeted,"You're an Asian guy from LA who has been in Warsaw 90 days from what I understand. I don't know what you were expecting, but it is going to take time to adjust. In the meantime, you will experience loneliness and possibly even alienation. I'm of Polish descent and spent some time voting Poland about four years ago. Although I have relatives near Krakow, I still experienced culture shock, in part because of the language barrier. My relatives were nice but they live in a remote area about 30 minutes from Old Town Krakow. I enjoyed spending weekends in Old Town. I think I could spend several months there and enjoy it. I think Warsaw would be a tougher nut to crack because of its size. If you met a nice Polish girl, that would probably make things easier if you intend to remain in Poland. I found Polish people to be polite, but making new friends anywhere takes time and effort. I wish you luck.","you're an asian guy from la who has been in warsaw 90 days from what i understand. i don't know what you were expecting, but it is going to take time to adjust. in the meantime, you will experience loneliness and possibly even alienation. i'm of polish descent and spent some time voting poland about four years ago. although i have relatives near krakow, i still experienced culture shock, in part because of the language barrier. my relatives were nice but they live in a remote area about 30 minutes from old town krakow. i enjoyed spending weekends in old town. i think i could spend several months there and enjoy it. i think warsaw would be a tougher nut to crack because of its size. if you met a nice polish girl, that would probably make things easier if you intend to remain in poland. i found polish people to be polite, but making new friends anywhere takes time and effort. i wish you luck.",Olumlu
Warsaw,YouTubeTargeted,Rents are high because Joos are completing their takeover of Eastern Europe that they started with Communism. I bet most of them or their hedge funds or trusts own the buildings. Jooish banker goal is to have a global society of eternal renters.,rents are high because joos are completing their takeover of eastern europe that they started with communism. i bet most of them or their hedge funds or trusts own the buildings. jooish banker goal is to have a global society of eternal renters.,Olumlu
Warsaw,YouTubeTargeted,"If you don't like the water quality get one of this easy to install, sets of filters you can have put in at your apartment main valves. I can't give you the brand here but you can ask about it in any plamber's supply shop. It cost about 200zł.and require minor works.","if you don't like the water quality get one of this easy to install, sets of filters you can have put in at your apartment main valves. i can't give you the brand here but you can ask about it in any plamber's supply shop. it cost about 200zł.and require minor works.",Olumlu
Warsaw,YouTubeTargeted,"I came here from that 4chan screencap ""ok chink, wypierdalaj"" xD , but anyway i'm from california too and living 4 years in krakow and it kicks ass. My parents are polish though so that helps a bit. about half my friends don't know polish. Also that city list is bullsh1t KRAKOW BEST CITY. I do like spending my time alone hiking around, FPV quads, or whatever hobbies so i enjoy solitude. Kids/family is a scam. good friends and good hobbies is where it is at. That's why my village Polish 'GF' broke up with me after like 2 years hahaha","i came here from that 4chan screencap ""ok chink, wypierdalaj"" xd , but anyway i'm from california too and living 4 years in krakow and it kicks ass. my parents are polish though so that helps a bit. about half my friends don't know polish. also that city list is bullsh1t krakow best city. i do like spending my time alone hiking around, fpv quads, or whatever hobbies so i enjoy solitude. kids/family is a scam. good friends and good hobbies is where it is at. that's why my village polish 'gf' broke up with me after like 2 years hahaha",Olumlu
Warsaw,YouTubeTargeted,"Hey Wes, i am watching your channel since you came to Poland, After watching this video, i feel like you really need to see other parts of Poland. I live in Szczecin and i have a spare room, i would be really happy to host you (if you wish to come). I work in Denmark and i do travel a lot across Europe, so i can provide you some perspective if you look for it. Cheers from Szczecin (or Hanstholm where i am right now) :)","hey wes, i am watching your channel since you came to poland, after watching this video, i feel like you really need to see other parts of poland. i live in szczecin and i have a spare room, i would be really happy to host you (if you wish to come). i work in denmark and i do travel a lot across europe, so i can provide you some perspective if you look for it. cheers from szczecin (or hanstholm where i am right now) :)",Olumlu
Warsaw,YouTubeTargeted,"I come from Warsaw and I don't like it. Every big city I was visting in Poland is more friendly and calm than Warsaw. Countryside is the best,the best vibe for living.","i come from warsaw and i don't like it. every big city i was visting in poland is more friendly and calm than warsaw. countryside is the best,the best vibe for living.",Olumlu
Warsaw,YouTubeTargeted,"Yeah, its true but just get out of your bubble, and you will meet great people. It takes some effort to do that but still internet makes it so much easier than 30 years ago, even being from the country that was really tough as young student or young working person to make friends in any of the big cities. Now you just need to find some common interests, hobbies, whatever, get involved in an association, cultural activity, sports, volunteering ....any big city has the same downfalls, lot of people coming from outside and trying to look their best, trying to do their best, running the rats race, making careers and its just hard. In Warsaw just move to the outskirts, its nicer and as many activities there as in the center, closer to nature, people are nicer too","yeah, its true but just get out of your bubble, and you will meet great people. it takes some effort to do that but still internet makes it so much easier than 30 years ago, even being from the country that was really tough as young student or young working person to make friends in any of the big cities. now you just need to find some common interests, hobbies, whatever, get involved in an association, cultural activity, sports, volunteering ....any big city has the same downfalls, lot of people coming from outside and trying to look their best, trying to do their best, running the rats race, making careers and its just hard. in warsaw just move to the outskirts, its nicer and as many activities there as in the center, closer to nature, people are nicer too",Olumlu
Warsaw,YouTubeTargeted,"thank you man for being a voice of our experience . it is interesting to see most people sharing the same feeling about living here. when i listen you i definitely felt that exhaustion, until now i almost believed that i am the only one here to experiencing these things. it is kind of relief to see that is generic issue everybody dealing.","thank you man for being a voice of our experience . it is interesting to see most people sharing the same feeling about living here. when i listen you i definitely felt that exhaustion, until now i almost believed that i am the only one here to experiencing these things. it is kind of relief to see that is generic issue everybody dealing.",Olumlu
Warsaw,YouTubeTargeted,"I liked that you spoke so openly about what I like and dislike about Warsaw. You touched on many things with which I may or may not agree. It's also true that it's quite different when you visit and when you live in the capital. I'm one of those people who goes to Warsaw two or three times a month. For me, Warsaw is a completely different (and better) world than Kielce. It's expensive there, especially renting an apartment, but I have to admit that compared to Kielce, at least that's my impression, it's easier to make contact with someone on the street. There are many career opportunities there, but it all depends on your skills and how many languages ​​you know. I'd like to move to Warsaw, but I don't know if I'd be able to function there because I have health problems, especially with my bad knees. Maybe I'll move there someday:-) Best regards and have a nice Sunday:-)!","i liked that you spoke so openly about what i like and dislike about warsaw. you touched on many things with which i may or may not agree. it's also true that it's quite different when you visit and when you live in the capital. i'm one of those people who goes to warsaw two or three times a month. for me, warsaw is a completely different (and better) world than kielce. it's expensive there, especially renting an apartment, but i have to admit that compared to kielce, at least that's my impression, it's easier to make contact with someone on the street. there are many career opportunities there, but it all depends on your skills and how many languages ​​you know. i'd like to move to warsaw, but i don't know if i'd be able to function there because i have health problems, especially with my bad knees. maybe i'll move there someday:-) best regards and have a nice sunday:-)!",Olumlu
Warsaw,YouTubeTargeted,"Some issues are common in migrants. I lived in France, Scotland, England, Portugal, Czech Republic. It was hard to meet people outside of your own group, customs and cultures vary, sometimes are incompatible. Warsaw is spaghetti of Poland and West. Probably best place to meet as a foreigner but city itself lives in a bubble like its a bellybutton of the country. Im from Western Pomerania and I'd recommend Silesia or Greater Poland to at least visit and feel up the vibe. Stay safe man!","some issues are common in migrants. i lived in france, scotland, england, portugal, czech republic. it was hard to meet people outside of your own group, customs and cultures vary, sometimes are incompatible. warsaw is spaghetti of poland and west. probably best place to meet as a foreigner but city itself lives in a bubble like its a bellybutton of the country. im from western pomerania and i'd recommend silesia or greater poland to at least visit and feel up the vibe. stay safe man!",Olumlu
Warsaw,YouTube_GCP,this was so cute! good luck in Poland!!! sending love from a fellow small creator <33,this was so cute! good luck in poland!!! sending love from a fellow small creator <33,Olumlu
Warsaw,YouTube_GCP,I am going to warszawa university next semester and I am browsing the internet for videos about studying there!! thank you so much for your video!!,i am going to warszawa university next semester and i am browsing the internet for videos about studying there!! thank you so much for your video!!,Olumlu
Warsaw,YouTube_GCP,"enjoyed the vlog, maybe if i'll be accepted in any university there i'll meet you and buy you a coffee","enjoyed the vlog, maybe if i'll be accepted in any university there i'll meet you and buy you a coffee",Olumlu
Warsaw,YouTube_GCP,"Enjoyed the vlog,ill be applying to poland universities i was and am hella scared being an international student but your vlog made me fee really good about all this...","enjoyed the vlog,ill be applying to poland universities i was and am hella scared being an international student but your vlog made me fee really good about all this...",Olumlu
Warsaw,YouTube,"thank you for your wonderful and honest commentary ,,,i moved to oz with my parents in 73 ,as a 13 y/d,,,i loved Warsaw ,,we were in Mokotów ,,,the city has a spirit that's unique ,,as ,other beautiful European citys,which i had the privilege to experience ,,,,my grandparents had a small holding near vilanuw,,,we had best childhood and memories,,,im glad to see that Warsaw is not overdeveloped/overcrowded ,,,and pure ,,,,of external turmoil ,,,,bless,,,","thank you for your wonderful and honest commentary ,,,i moved to oz with my parents in 73 ,as a 13 y/d,,,i loved warsaw ,,we were in mokotów ,,,the city has a spirit that's unique ,,as ,other beautiful european citys,which i had the privilege to experience ,,,,my grandparents had a small holding near vilanuw,,,we had best childhood and memories,,,im glad to see that warsaw is not overdeveloped/overcrowded ,,,and pure ,,,,of external turmoil ,,,,bless,,,",Olumlu
Warsaw,YouTube,Damn. I always thought Warsaw was some city in Russia. Lol,damn. i always thought warsaw was some city in russia. lol,Olumlu
Warsaw,YouTube,Warszawa Warsaw is large city more time to see everything Walking around or Metro Remember Not enough will be 3 to 4 day jumping from point A to B take time My experience that you need time to inspect some places slowly that all,warszawa warsaw is large city more time to see everything walking around or metro remember not enough will be 3 to 4 day jumping from point a to b take time my experience that you need time to inspect some places slowly that all,Olumlu
Warsaw,YouTube,Warsaw is the most beautiful city in the world.,warsaw is the most beautiful city in the world.,Olumlu
Warsaw,YouTube,"Like this video... it says all. Facts. Homelessness and drug use in 90s oh goshe. Main station was like one vast toilet. And people injecting kompot, Polish homemade heroine. In warsaw it was normal to see. That time in poland peeps were drunkards and in shops were selling cheap meat and white bread. Shops were diffrently filled... different things people were buying. And its funny cause its only 25 years diffrence and the vibe is very diffrent.","like this video... it says all. facts. homelessness and drug use in 90s oh goshe. main station was like one vast toilet. and people injecting kompot, polish homemade heroine. in warsaw it was normal to see. that time in poland peeps were drunkards and in shops were selling cheap meat and white bread. shops were diffrently filled... different things people were buying. and its funny cause its only 25 years diffrence and the vibe is very diffrent.",Olumlu
Warsaw,YouTube,"I dont know... its another modernised city, in global world. Which stands for multicultural peoples origin. Thing is, it has character which is a little bit diffrent. Cause there is only one capital of poland 🇵🇱 with polish language etc. Doesnt know full picture of reality of warsaw. Been there and seem lovely fresh young people which contradicts to what seeing normally in Scotland nowadays. At day or night the place seemed very calmed down people very well beheved. Out of world experience to what I knew before. Means poland in past, or todays Scotland. Seemed they were/are deprived places. So having a trip to city which is mostly modernised, where population is young and looking forward to progress... at the same time safe and peaceful. Its is joyous experience. Remember warsaw of 90s 30 years ago, it had very diffrent character. Today's one is much more pleasant, but that past was much more normal for poland familiar. There was lot of fights hools crimes drugs a looot. Today's there is no sign for it anymore. By the spirit energy it seems like a diffrent place. Easiness is today. Womans looks feminine. Hahah. Surprise. Hahahha. it could be said it a bit unreal. Even by the food in zabka you can guess its diffrent world. Hahaha. Shelf look neat clean and products are healthy options. And this is fact for whole warsaw in general and no wonder you paid twice as much money for living than in krakow. Seriously better energy in warsaw. You may not like prices lack of historical sites or many other aspects. But as energy, spirit quality warsaw is top in poland as for my taste. And top of most of western Europe places, where only occasionally there are quality findings.","i dont know... its another modernised city, in global world. which stands for multicultural peoples origin. thing is, it has character which is a little bit diffrent. cause there is only one capital of poland 🇵🇱 with polish language etc. doesnt know full picture of reality of warsaw. been there and seem lovely fresh young people which contradicts to what seeing normally in scotland nowadays. at day or night the place seemed very calmed down people very well beheved. out of world experience to what i knew before. means poland in past, or todays scotland. seemed they were/are deprived places. so having a trip to city which is mostly modernised, where population is young and looking forward to progress... at the same time safe and peaceful. its is joyous experience. remember warsaw of 90s 30 years ago, it had very diffrent character. today's one is much more pleasant, but that past was much more normal for poland familiar. there was lot of fights hools crimes drugs a looot. today's there is no sign for it anymore. by the spirit energy it seems like a diffrent place. easiness is today. womans looks feminine. hahah. surprise. hahahha. it could be said it a bit unreal. even by the food in zabka you can guess its diffrent world. hahaha. shelf look neat clean and products are healthy options. and this is fact for whole warsaw in general and no wonder you paid twice as much money for living than in krakow. seriously better energy in warsaw. you may not like prices lack of historical sites or many other aspects. but as energy, spirit quality warsaw is top in poland as for my taste. and top of most of western europe places, where only occasionally there are quality findings.",Olumlu
Warsaw,YouTube,"IF you want to raise your familly in a quiter more respectfull cultural way its very simple (dont stay in the city center) try living for a bit in the outskirt provinces of warsaw like (Ursynów,Wawer) i dont want to recomend specifikly but you can look up the map and espacially urysnow its much quiter more focused on famillys and education (excluding politechnika)","if you want to raise your familly in a quiter more respectfull cultural way its very simple (dont stay in the city center) try living for a bit in the outskirt provinces of warsaw like (ursynów,wawer) i dont want to recomend specifikly but you can look up the map and espacially urysnow its much quiter more focused on famillys and education (excluding politechnika)",Olumlu
Warsaw,YouTube,"Warsaw is a great city! Learning Polish isn’t that hard, it’s a matter of trying. Once you start you can’t stop.","warsaw is a great city! learning polish isn’t that hard, it’s a matter of trying. once you start you can’t stop.",Olumlu
Warsaw,YouTube,"Im from Warsaw, but from 10 years I live in Lodz. Ofc public transportation is better, river is better, but the people... I prefer from smaller city :P","im from warsaw, but from 10 years i live in lodz. ofc public transportation is better, river is better, but the people... i prefer from smaller city :p",Olumlu
Warsaw,YouTubeTargeted,Sounds like the NW US. Even with the bad weather and Crabby faces.,sounds like the nw us. even with the bad weather and crabby faces.,Olumsuz
