City,Source,Comment,Sentiment
Lomza,YouTubeTargeted,"Im so sorry. This is the thing im most ashamed of about being Polish. I promise you, that when im in Poland (moved to  canada in 1987 when i was 6 months old) I tell everyone off if I see, hear, smell racism. On the bus, the metro... anywhere. There are those of us who know better, and _feel_ smarter. Racism is for thr small minded. Im sorry for what you've gone through. Its shameful and I hope that maybe you meet a better polak someday. One who may atleast return some integrity to my ppl. Some still have a lot to learn. 

In my polish family living in Canada, we're weird for polish ppl. We are super left wing, atheist, and conscious of the racism by (mostly) older polaks or those who are, ""provincial"" take part in. Provincial just means theyre country bumpkins who think being gay is pathological, and being black is ""primiative"" -

My family, we FIGHT with other polish ppl we know who fit into that shitty polish group. We cut ties. One of them we stopped talking to becuase he refused to use the rainbow crosswalk supporting LGBTQ+ on our town when we went on walks with our dogs. 
 Anyway, im so sorry.",Nötr
Lomza,YouTubeTargeted,Weather is a bit cold but ... Since there is a global warming it might become an advantage.,Olumsuz
Lomza,YouTubeTargeted,"Heh. You know. I really apreciated polish weather when I went to Norway... It was june actually and I was on festival. Actually I've played then with my band also but it was about 7/8 PM. I stayed later to wait for the star of the evening. They started the show about 11 PM. And it was still like a daylight! I realized then how it must be on the winter. NO DAYLIGHT AT ALL! Almost. It was Islo so not even behind a polar circle. Anyways... I just wanted to syphatize with you that polish weather might be depressing (anyways Chopin's music didn't come from nothing) :) but i think norwegian might kill me... :)
Cheers. Have a good time in Poland. #RSPCT",Nötr
Lomza,YouTubeTargeted,"You said, that you know 5 or 6 languages. Check latin grammar - Polish isn't very different.",Nötr
Lomza,YouTubeTargeted,"Its true, in main city  like Kraków it is becoming expensive, i mean for foreigner's some stuff cheap like bear, and simple food exsample in uk bottle bear 10 pounds, in poland its 2 pounds etc. Same with donner kb.
Now polish languages its so hard iv been coming to poland for 6 years now still have not master the basics sentence.
Quality of life in poland is fantastic. As a british born  Muslims i love the churches and very please to see so many people go to church a great Christian country, i went to church to pay my respect with my polish friends we Muslims love to see Christians becoming very god fearing. Christian nation despite what the zionists media tell u all about Muslims .  Every one regardless off there own faith should experience going to church. You will love it. Anyway enjoy poland 🇵🇱",Olumlu
Lomza,YouTubeTargeted,"I just heard the the sky is dark and gray-good reason NOT to visit Poland.  ChatGPT: Poland can definitely have cloudy and gray skies, especially during the fall and winter months. The country experiences a fair amount of overcast weather, and it can get pretty gray and dreary, particularly in the winter. Summer can be sunnier, but cloudy days are still common.",Nötr
Lomza,YouTubeTargeted,"I just coment on one thing because there are to many. I think from my experience most people are afraid of making mistake while talking, that is why the don't like talking if they not 100% sure or someone start  in english at least i am like that.",Nötr
Lomza,YouTubeTargeted,"""Polish women are always right"" Ya, that one is kinda m out cultures.",Olumlu
Lomza,YouTubeTargeted,"I'm English and I'm visiting Warsaw in the summer and Gdansk in December. I'm gonna learn some Polish phrases over the year (looks very difficult though).
Looking forward to my trips. I'm a big fan of Poland, it's culture and it's people. ",Olumsuz
Lomza,YouTubeTargeted,"Did you know, that you have different personality traits for each language that you are able to speak ? Noticed ? For, each learned language ""occupies"" different areas in your brain. Apart from a language or two that you grew up with. That inheritantly stays put. Incredible. To be sure....",Olumlu
Lomza,YouTubeTargeted,"short message to all 'tourists':
no matter what is your color and where are you from - respect our country, respect our culture, respect our people, = you will not have problems here",Nötr
Lomza,YouTubeTargeted,"Being from the US but having lived in Europe it's sad we don't teach and push our kids to learn foreign languages. You would think we would start kids in at least Spanish starting in Kindergarten but we generally don't. When I was an exchange student in Germany I had most people want to speak English with me but luckily my host family did not speak much English so I learned German, it was a Swabian dialect but it was still great.",Nötr
Warsaw,YouTubeTargeted,You just outlined what comes with living in any big city,Nötr
Warsaw,YouTubeTargeted,"Bródno (9th/10th century): A small fortified settlement (gród) in the north-eastern part of modern Warsaw, destroyed around 1040.
Kamion (11th century): A settlement near the present-day Warszawa Wschodnia station.
Jazdów (12th/13th century): A nearby fortified, residential, and administrative settlement that was destroyed, leading to the development of the new site. Warsaw has existed since approximately 1300, serving primarily as the capital of Poland (or its predecessor states) for most of its history, though it was occupied by Prussia, Russia, and Germany during the partitions (1795–1918) and WWII. It is currently the capital of the Republic of Poland, a role it officially held from 1596–1795 and 1918–present. 
Key Historical Affiliations (Approx. 1300–Present):
c. 1300–1526: Duchy of Masovia (independent/Polish vassal): Founded as a trading post, later becoming the capital of the Duchy of Masovia.
1526–1795: Kingdom of Poland/Polish–Lithuanian Commonwealth: Incorporated into Poland (1526), becoming the seat of the Sejm (1569) and the official capital (1596).
1795–1806: Kingdom of Prussia: Annexed by Prussia during the Third Partition of Poland, becoming part of the province of South Prussia.
1807–1815: Duchy of Warsaw: Created by Napoleon Bonaparte as a French puppet state.
1815–1918: Russian Empire (Congress Poland): Following Napoleon’s defeat, it became the capital of a kingdom linked to Russia, eventually losing autonomy.
1918–1939: Republic of Poland (Second Republic): Restored as the capital of independent Poland.
It was a part of Germany in 1939-1945
Then a part of Poland for the rest of its life",Nötr
Warsaw,YouTubeTargeted,"I moved from Canada to Asia, specifically the Philippines and I hate it here, it’s very dirty and everything is poor quality especially the food and although the people are nice on the surface, it’s a culture of begging and no ambition. The truth is much of Asia is this way, scams everywhere.
My mother is polish and died here in the Philippines, partly due to the brutal medical system. I now have this urge to move to Poland. I want to around white people again, a structured society where I can feel safe, great food, speak to normal people. 
The west is falling apart, Asia except for Japan is really uncivilized, so that really leaves a couple of countries in Europe, and I speak some polish and although my wife is a Filipina, my kids hate this country, so I’m gonna start making plans to move to Poland",Nötr
Warsaw,YouTubeTargeted,"Dude - you're just not a big city person. Nothing you're talking about is Warsaw-specific. Just a generic big city vibe. Warsaw being intense and hectic? hahahahaha - New Yorker here. Hilarious. Warsaw is absolutely awesome, one of my favorite places to visit. Eclectic, full of energy (unless that gives you anxiety), lively, vibrant, tons to do, safe, friendly. Don't let this extremely subjective and skewed by personal preferences video discourage you from going there. Spent some of the best years of my life in Warsaw. It's a blast.",Olumlu
Warsaw,YouTubeTargeted,"just found your channel exploring about moving to Poland.  I have to say the Polish culture in general is very clannish.  Also the Warsaw culture was different before the war than after.  It was mostly decimated in the war so that culture became the diaspora.  Then after that it was the communist era and it's just really kind of nouveau city because Solidarity was still active in the late '80s so we are talking less than 50 years of redevelopment.  Long post but, anyway, the part of traveling is to experience the world and I commend you for assimilating with language, etc.  I will probably not be moving there.  If anything, I would visit there and other countries but I find the Polish culture to be offputting, even those who came to America bring their ""game"" with them and mostly flock together.  And just FYI, my family for at least 5 generations, is from there.  All very best regards,",Nötr
Warsaw,YouTubeTargeted,"Give Warsaw more time, man -- Came from a small town, been here for almost two years. Have four kids. Great international community. You'll find some niches. We have a church, maybe that changes things?",Olumlu
Warsaw,YouTubeTargeted,That's maybe why more and more poeple are moving to far suburbians. They still have an access to big city but they live more peacful place. Thats what I did :),Olumlu
Warsaw,YouTubeTargeted,how come the air is better outside only coal-restricted city? after LA maybe lol,Olumlu
Warsaw,YouTubeTargeted,"The loneliness here is REAL! And it's funny how many people feel lonely, so you think ""Hey, both of you feel lonely, why don't you connect then?"" - but it just doesn't happen... Personally, I'd say it's my biggest source of pain here. Making new connections is not easy, especially if you're not in any systems that bring people together, like universities (work doesn't count as it facilitates business relationships for the most part, not casual connections). So I'm trying to make friends by ""putting myself"" in such systems, like the vogueing scene, 12-step meetings, yoga classes, cinemas - basically anything that increases chances of meeting like-minded people (I speak Polish, but there are circles where people communicate in English too). I'm so desperate that even sharing a gaze with a stranger on public transportation can make my day lol",Nötr
Warsaw,YouTubeTargeted,"To be honest, I find Warsaw quite boring for a capital city. The service culture can feel very rigid, even compared to other European cities, and some people get upset when you speak English. Many museums are also difficult to fully enjoy if you don’t speak Polish. Poles are also very unfriendly even when compared to other Europeans. Of course not everyone is the same, I have one Polish friend and she is great.

That said, it’s very safe. The only crimes I’ve really heard about involve locals having their cars stolen.

But I’ve also encountered racism and homophobia that reminded me more of rednecks from the USA than of a capital in the EU.

The city lacks charm and the people tend to be not friendly and borderline rude at times but very proud.",Nötr
Warsaw,YouTubeTargeted,"Thanks for the helpful comparison, Wes. Considering dividing my time in Colombia and Poland. Discovered your channel while researching a trip to Colombia in 2024. I have a path to rapid naturalization based on Polish ancestry that requires me to pass Polish language exams and spend part of about 2.5 years in Poland. (Already speak fluent Ukrainian and Russian and passable Spanish.)  I've been to Krakow about 14 or 15 times and have spent a bit of time in Warsaw in the summertime while waiting to renew my US passport since the US embassy in Kyiv was closed due to the war.  You descriptions of pros and cons of life in Krakow and Warsaw are pretty dead-on. Keep up the good work!",Nötr
Warsaw,YouTubeTargeted,"When I was younger I had a blast traveling around the world, met and befriended local people but as I’ve gotten older I don’t think I could do that. At any rate glad to have done that when I was younger.",Nötr
Warsaw,YouTubeTargeted,"Elitism is creeping into Warsaw, it seems. I never thought I would see the day; Poland was usually quite rustic and traditional. Oh well, they are joining the Western European nations - with high inflation and impersonal, snobby people.",Nötr
Warsaw,YouTubeTargeted,"BTW Warsaw is true love or hate city. If you feel like it’s not your thing after couple of months you should change it haha. Lived for 5 years there, loved it.",Olumlu
Warsaw,YouTubeTargeted,"I've been in Warsaw few times, both for private and work matters and to be hones I cannot imagine to live there.  I like city life but for some reason Warszawa is for me in many ways ""too"". Too big, too noisy, to crowded ect. I lived in Szczecin, 7th biggest city in Poland, most of my life so that's not that I don't like big cities in general. Tbh now living in smaller city I even miss the big city life a bit. I guess it is just not your city to live but im sure you'll find your place in some time. I'm looking for that too. So the best for both for us to find it.",Olumlu
Warsaw,YouTubeTargeted,I think it is also important to mention that in poland some utra right violent political parties and movements are on the rise. More and more attacks happening on the people of a different skin color.,Nötr
Warsaw,YouTubeTargeted,Give Rzeszow a try. That’s my husband’s hometown. There seems to be a lot of new business opportunity there. It’s amazing how much this city has grown over the last decade. You might get your small town feeling with more business opportunities there. Wishing you all the best!,Olumlu
Warsaw,YouTubeTargeted,"Spokane Washington is clean with clean air & you get the best of both city and nature.  We moved out of LA in 2005 and it is the best decision we ever made. After traveling & moving to different cities and states.  I called Spokane a "" paradise "" cause we're surrounded by Canada, Idaho, Oregano coast, and Montana.  We're always doing mini weekend vacations.  Low humidity summer is the best here (water sport activities, huckleberry/berries picking in the mountain, lots of mountain bike ride) & I'm reluctant to travel outside US during the summer.  Winter brings snow skiing &  ice fishing if snow...as in any states, you'll find small pockets of homelessness especially in downtown near the food banks and Catholic church.",Olumlu
Warsaw,YouTubeTargeted,this guy is always complaining and hating the countries he keeps moving to based on his youtube titles. is he just a debby downer who keeps going to places to hate on them and complain?,Olumsuz
Warsaw,YouTubeTargeted,5:18 I feel like that’s mainly w city centre bubble,Olumlu
Warsaw,YouTubeTargeted,"Since when is a city multicultural if it has 95% Poles? Do people who come there not make Warsaw international at all? It doesn't change anything. 90% are Poles, so the city is purely Polish, so other factors do not influence Polish culture in this city.",Nötr
Warsaw,YouTubeTargeted,"Why do people travel to another country and expect to have instant ""deep"" friendships with the local population? A man I had spoken to for less than an hour actually expected to be invited into my family home the next evening during a family dinner. He honestly expected to meet my parents, my sisters, my brother-in-law and nieces and nephews, even the ones who were visiting from hundreds of miles away. He was insulted that I didn't invite him over. Well, that ended any possibility of even chatting with him again. Too many men go to foreign countries and think they will be regarded as celebrities or kings, when they are actually annoyances and irritants. I value my family and long-standing friendships as gold, and I protect them. It takes time to build trust and without that trust, you will never enter my home or be introduced to the people with whom I have long-standing relationships.",Nötr
Warsaw,YouTubeTargeted,"Just a big city, get over yourself ",Nötr
Warsaw,YouTubeTargeted,Sounds like the NW US. Even with the bad weather and Crabby faces.,Olumsuz
Warsaw,YouTubeTargeted,Go to Skarzysko-Kamienna small town city vibes with traditional women in abundance. 90 miles south of Warsaw,Nötr
Warsaw,YouTubeTargeted,"You're an Asian guy from LA who has been in Warsaw 90 days from what I understand. I don't know what you were expecting, but it is going to take time to adjust. In the meantime, you will experience loneliness and possibly even alienation. I'm of Polish descent and spent some time voting Poland about four years ago. Although I have relatives near Krakow, I still experienced culture shock, in part because of the language barrier. My relatives were nice but they live in a remote area about 30 minutes from Old Town Krakow. I enjoyed spending weekends in Old Town. I think I could spend several months there and enjoy it. I think Warsaw would be a tougher nut to crack because of its size. If you met a nice Polish girl, that would probably make things easier if you intend to remain in Poland. I found Polish people to be polite, but making new friends anywhere takes time and effort. I wish you luck.",Olumlu
Warsaw,YouTubeTargeted,Rents are high because Joos are completing their takeover of Eastern Europe that they started with Communism.  I bet most of them or their hedge funds or trusts own the buildings.  Jooish banker goal is to have a global society of eternal renters.,Olumlu
Warsaw,YouTubeTargeted,"Salaries in Katowice are comparable to those in Warsaw, with the only difference being that the cost of living is much lower than in Warsaw. From Katowice, I can reach 5 different countries within 5 hours by car, and I can be in the Polish, Slovak, or Czech mountains within an hour, while outside of Warsaw there is nothing interesting.",Nötr
Warsaw,YouTubeTargeted,It's nice that you mentioned Katowice. I lived in London for 21 years. I have visited hundreds of cities in over 90 countries and I think that Katowice is a great city to live in where I moved from London. The people here are very open and friendly.,Olumlu
Warsaw,YouTubeTargeted,"If you don't like the water quality get one of this easy to install, sets of filters you can have put in at your apartment main valves. I can't give you the brand here but you can ask about it in any plamber's supply shop. It cost about 200zł.and require minor works.",Olumlu
Warsaw,YouTubeTargeted,"Warsaw isn’t just another big city in Poland — it’s a place wrapped in a kind of myth, both admired and critisized. For many people outside the capital, the city feels like it’s all about chasing success: ego, ambition, sometimes more about showing off than being real. That sense of loneliness you hear about from people living there? It comes from being surrounded by strangers — folks who came looking for opportunity, bold, direct, sometimes a bit rough. And yeah, most of today’s “Warszawiaks” aren’t old families with deep roots, but newcomers from the east, the south, small towns, who wanted a faster, bigger life.

Psychology gives a way to see this. In typologies inspired by Jung, you hear about “red” personalities: dominant, result-driven, self-confident, pushy. Warsaw attracts and rewards exactly that kind of energy. But when that style sets the tone for the whole city, there’s less space for empathy, patience, community — traits you’d link with “green” or “blue” types, more calm, thoughtful, relational.

That’s where the negative PR comes from. To many outside, Warsaw looks shallow, full of people who made money but didn’t really grow as persons, who put on a show of success without depth. The city feels like a stage for the rat race, dominated by ambitious individuals fighting for their own. Smaller towns don’t create that same pressure, so the contrast is sharp, sometimes even shocking.

It doesn’t mean Warsaw is “bad”. It’s the capital, the center of business, tech, politics, culture, education. It gives energy, options, variety. But when people focus on what they think it lacks — roots, community, humility — the criticism grows. It’s not only envy, it’s about values. Between those who chase ambition and individual success, and those who want stability, connection, simplicity. Warsaw stands strong for the first, and many just wish there was more of the second.",Nötr
Warsaw,YouTubeTargeted,"I came here from that 4chan screencap ""ok chink, wypierdalaj"" xD , but anyway i'm from california too and living 4 years in krakow and it kicks ass. My parents are polish though so that helps a bit. about half my friends don't know polish. Also that city list is bullsh1t KRAKOW BEST CITY. I do like spending my time alone hiking around, FPV quads, or whatever hobbies so i enjoy solitude. Kids/family is a scam. good friends and good hobbies is where it is at. That's why my village Polish 'GF' broke up with me after like 2 years hahaha",Olumlu
Warsaw,YouTubeTargeted,"Hey Wes, i am watching your channel since you came to Poland, After watching this video, i feel like you really need to see other parts of Poland. I live in Szczecin and i have a spare room, i would be really happy to host you (if you wish to come). I work in Denmark and i do travel a lot across Europe, so i can provide you some perspective if you look for it. 

Cheers from Szczecin (or Hanstholm where i am right now) :)",Olumlu
Warsaw,YouTubeTargeted,"I come from Warsaw and I don't like it. Every big city I was visting in Poland is more friendly and calm than Warsaw. Countryside is the best,the best vibe for living.",Olumlu
Warsaw,YouTubeTargeted,"Yeah, its true but just get out of your bubble, and you will meet great people. It takes some effort to do that but still internet makes it so much easier than 30 years ago, even being from the country that was really tough as young student or young working person to make friends in any of the big cities. Now you just need to find some common interests, hobbies, whatever, get involved in an association, cultural activity, sports, volunteering ....any big city has the same downfalls, lot of people coming from outside and trying to look their best, trying to do their best, running the rats race, making careers and its just hard. In Warsaw just move to the outskirts, its nicer and as many activities there as in the center, closer to nature, people are nicer too",Olumlu
Warsaw,YouTubeTargeted,"thank you man for being a voice of our experience . it is interesting to see most people sharing the same feeling about living here. when i listen you i definitely felt that exhaustion, until now i almost believed that i am the only one here to experiencing these things. it is kind of relief to see that is generic issue everybody dealing.",Olumlu
Warsaw,YouTubeTargeted,"From my personal experience, the further north you go in Europe, the harder it gets to build genuine human connections. Poland is already leaning that way, close to Scandinavia, even the weather feels almost the same. Meanwhile, in South-Eastern Europe and the Balkans, friendships form much more naturally. Of course, you won’t always get the same level of order or infrastructure you see in Poland or Scandinavia, but you will find warmer vibes, better energy, and sunnier skies.

I honestly believe weather shapes people more than we realize. In Central and Northern Europe, you’ve got long, dark winters and endless rain,  people stay inside, become more withdrawn and over time even a bit alienated or depressed. They also become ""work alcoholics"" as they mistakenly believe that money will fix the original problem. If you feel depressed no matter where you are, that’s an inner issue you need to face. But if it only happens in certain countries, then maybe it’s not you, maybe it’s the vibe of that place. And i will take it even further and say it can actually be a sign you shouldn't be there to begin with, that you are not meant to be there. Not every land resonates with everyone’s mentality or energy.",Nötr
Warsaw,YouTubeTargeted,"Polish people are currently on edge worried that if they don't strictly limit immigration, they will end up like the UK, Sweden, Germany, etc.  places completely overrun with migrants who don't care about their culture or language at all.
I don't blame them.  Mass migration erases culture, erases people.",Nötr
Warsaw,YouTubeTargeted,You live in a different country like every year. I doubt you regret anything you have no homeland you just wonder from place to place. Perhaps these people who actually live here sense that.,Nötr
Warsaw,YouTubeTargeted,"I liked that you spoke so openly about what I like and dislike about Warsaw. You touched on many things with which I may or may not agree. It's also true that it's quite different when you visit and when you live in the capital. I'm one of those people who goes to Warsaw two or three times a month. For me, Warsaw is a completely different (and better) world than Kielce. It's expensive there, especially renting an apartment, but I have to admit that compared to Kielce, at least that's my impression, it's easier to make contact with someone on the street. There are many career opportunities there, but it all depends on your skills and how many languages ​​you know. I'd like to move to Warsaw, but I don't know if I'd be able to function there because I have health problems, especially with my bad knees. Maybe I'll move there someday:-) Best regards and have a nice Sunday:-)!",Olumlu
Warsaw,YouTubeTargeted,I think that you are lost within yourself. Saying that there is lack of opportunities in Cracow is really silly however the overall statement that living in the city is hard is of course true. I wonder I why do you keep trying to find a happiness by living in the city. Nature is what you need to see outside of your window not another building. I live in a small village and I work in a city and this is quite good combination- try it.,Nötr
Warsaw,YouTubeTargeted,"Some issues are common in migrants. I lived in France, Scotland, England, Portugal, Czech Republic. It was hard to meet people outside of your own group, customs and cultures vary, sometimes are incompatible.
Warsaw is spaghetti of Poland and West. Probably best place to meet as a foreigner but city itself lives in a bubble like its a bellybutton of the country. Im from Western Pomerania and I'd recommend Silesia or Greater Poland to at least visit and feel up the vibe.
Stay safe man!",Olumlu
Warsaw,YouTubeTargeted,"Don’t count on meeting people just by walking around the streets or sitting in bars drinking beer, waiting for someone to approach you or for you to approach someone. You need to join a group that’s connected with some activity — sign up for a course, ideally a Polish language course. There you’ll meet other foreigners who face the exact same challenges as you do with adapting to life in Warsaw. This way you’ll make your first friends, and through them you’ll meet more people, and things will start to grow from there.

Sign up for a dance class or any kind of activity. When I first came to Warsaw, even though I’m Polish, I also felt lonely at the beginning. But I had to take action, get involved in something, and soon enough I had quite a few friends. Sitting around passively won’t bring any results. As always, you need conscious and intentional effort to reach a concrete outcome — whether in this area of life or in any other",Olumlu
Skopje,YouTubeTargeted,Bende 4 gün sonra gidicem erasmusla oraya,Nötr
Skopje,YouTubeTargeted,Erasmus visesini almak için ne yaptınız?,Nötr
Skopje,YouTubeTargeted,merhaba bende erasmus yapmak icin vizeye basvuracam turkce olan belgelerimin ingilizceye tercuman tarafindan cevrilse yeterli olur  mu konsolostluk cevap vermiyor siz vize islemlerinizi nasil halletiniz ?,Nötr
Skopje,YouTubeTargeted,"Merhabalar,vizeniz kaç hafta sonra sonuçlandı  ben de Erasmus için vizeye basvurdum ama hâlâ bekliyorum",Nötr
Skopje,YouTubeTargeted,Bu ay bende Makedonyaya gideceğim bakıldığı üzere türkiyeye çok benziyor para yemek gezmek konusunda daha çok vlog isteriz,Nötr
Skopje,YouTubeTargeted,"çok eğlenceli ve öğretici bir video olmuş çok gülen arkadaşınla da yaşlanılmaz bu arada hahah, umarım hem eğlenir hem öğrenirsiniz iyi erasmuslar diliyorum simdiden widhwkfd",Nötr
Skopje,YouTubeTargeted,vloglari ve yeni videolari heyecanla bekliyorum ,Nötr
Skopje,YouTubeTargeted,Erasmuslu kankim beee sjdwkdj ,Nötr
Skopje,YouTubeTargeted,Erasmus nünü,Nötr
Skopje,YouTubeTargeted,gezelim görelim makedonya  next vlog pls,Nötr
Skopje,YouTubeTargeted,Güzel video Makedonya vloglarını heyecanla bekliyorum ,Nötr
Porto,YouTubeTargeted,"Amazing video, I made my Erasmus in 2015-2016 in Porto. 
I feel so nostalgic watching this clip, it’s like being there once again. 
It was nice to leave the Italians for the end, in my experience the best friends you could make! 
I was the only Mexican in the whole faculty, had a fight to a French “gang” and the Italians adopted me as part of their familia",Olumlu
Porto,YouTubeTargeted,I really love the authenticity of the interviews and people. Thanks!,Olumlu
Porto,YouTubeTargeted,Hi. I would like to know if the courses are taught in English or Portuguese?,Nötr
Porto,YouTubeTargeted,". erasmus is a total waste of money of the EU taxe payers 
why should anyone pay for people who want only to go out for parties?! what's the benefit from that?",Nötr
Porto,YouTubeTargeted,That's brilliant! may I email you to get more opinions about your experience there? Which course were you studying?,Olumlu
Porto,YouTubeTargeted,"Love this video, so cool! 
I'm from Porto and I'm going to Poznan in Erasmus, so excited!
Nice work with the video :)",Olumlu
Vilnius,YouTubeTargeted,Damn… Rare descriptions of sounds and smells of a country/city?? Subbed immediately. Thanks for taking the time to be aware of these senses.,Olumlu
Vilnius,YouTubeTargeted,I like that you include the flag of the country on the top right corner of each of your vlog.  Awesome!  It helps me memorize & recognize the countries by their flags.  Thank you!,Olumlu
Vilnius,YouTubeTargeted,"This is such a cool idea: seeing a city through your senses! I've never seen anyone do a video like that. There's depth to your narrative, Michael. Thank you! Keep making more!",Olumlu
Vilnius,YouTubeTargeted,Most if not all of these vlogs focus on the tourist areas. Some of us are more interested in seeing how and where the local regular folk live and hang out. Hard to find a channel that does that.,Olumlu
Vilnius,YouTubeTargeted,"Can I say, this is one of my favourite travel vlogs - your narration and focus on the sights, scents, sounds, and tastes make me feel like I'm in Vilnius, too. Living in Jakarta, Indonesia, sometimes I wish for an escape from the concrete jungle to a quaint storybook city like Vilnius.",Olumlu
Vilnius,YouTubeTargeted,I miss my city so much,Nötr
Vilnius,YouTubeTargeted,Lovely Vlog about this amazing city. Really enjoy the style of your presentation  with poetic structure of the language usage which really stands out from all other YouTubers nowadays. Visiting Vilnius in mid Aug. and this is a great introduction of what to expect. I suppose it will not be as quiet as the time of the year in your introduction but still going to be amazing! Cheers! Thanks again for the lovely Video!,Olumlu
Vilnius,YouTubeTargeted,"What isso depressing in those 12 store apartments? What??? That they were build in soviet period?? These are fantastic apartment...they are 50 better than any apartment in whole world. 50-60 square meters apartments...protected fully from any earthquake...even 8 on Richter scale. Secodnd, they have kitchen apart with 8-9 sq, separate bathrooms, two rooms with 18 and 14 sq, and 2 sq storey room. You in the west would dream to have one. Late Soviet apartments are amazing!!",Olumlu
Vilnius,YouTubeTargeted,"Great work really. I love the format, you make it a very immersive experience. And the rich descriptive vocabulary is so refreshing to hear in travel vlog.",Olumlu
Vilnius,YouTubeTargeted,Lovely city.,Olumlu
Vilnius,YouTubeTargeted,"I agree with you on the soviet apartment blocks, they really ruin the view in most places but the good news is that almost all of them will be renovated sooner or later!

Also a few thing to clear up:
Pilies street - castle street
Kalnų park (not kalnai) -  Hill's/Mountain's park
those big meat dumplings are called cepelinai or zeppelin after the flying blimps (zeppelins)",Olumlu
Vilnius,YouTubeTargeted,"My husband and I watched your video about Vilnius, Lithuania, tonight. 
We have never responded to anything online. However, it was so important that we figured a way to do so.
To provide context, my husband was born and raised in Vilnius from 1962 to ‘75. These years, are of course before your time; but, we’re reaching out to tell you that your video resonated so much with him. He lived under the Russian regime and fled to North America in 1975. You weren’t born then, but your video captured the”storey book” essence of his home town. It resonated with us so much that we had to reach out. Your video brought my husband to tears.",Olumlu
Vilnius,YouTubeTargeted,"Such a beautiful video!! Another sound not to miss out on is that of the few old trolleybuses that still remain or otherwise the new trolleybuses, they're electric motors make a beautiful and friendly noise. 😊",Olumlu
Vilnius,YouTubeTargeted,"Vilnius can not be presented without Jews. Vilna Gaon and famous Synagogue is the masterpiece of Litvak culture and massive presence. And btw many foods you taste in Lituania has its origins in jewish Yidish culture and cuisine... potato Kugel ( Kugelis) , Silke ( Hering) , Cepelianai with curd ( su varske), Balandeliai in cabbage leaves + meat with rice and soooo much more.... And even more if you want to taste Lithuanian cuisine you candy this also  in Johannesburg ( South Africa) where most of Ltvaks settled and preserved all traditions including food",Olumlu
Vilnius,YouTubeTargeted,Visited Vilnius at a similar time to you. Such an underrated city and country. Totally fell in love with Lithuania and have been back several times since.,Nötr
Vilnius,YouTubeTargeted,🇱🇹🇺🇦 Thanks Vilnius is a very nice city ,Olumlu
Vilnius,YouTubeTargeted,"Beautiful city, but the best part of it is its inhabitants..!",Olumlu
Vilnius,YouTubeTargeted,This is lovely video to watch. I do wish it had covered some of the less-than-fairy-tale aspects of the history of Vilnius such as the genocide of its entire Jewish population in 1941.,Nötr
Vilnius,YouTubeTargeted,"King Sigismund II August basically brought his royal court, courtesans and artisans from Krakow to his beloved Vilnius! He really rebuilt the city. The second elected king, Stefan Bathory established Vilnius's university!",Olumlu
Vilnius,YouTubeTargeted,Lovely city!  Fantastic country! 🇱🇹🇱🇹,Olumlu
Vilnius,YouTubeTargeted,"You have a gift of being able to provide a different experience than most regular travel channels!
That being said, a ""better"" camera would add some glitter to your videos :D 
4k, or something, i'm no expert  :)
Good luck in your future experiences and thank you for being honest, interesting, different!",Olumlu
Sofia,YouTubeTargeted,"It a hidden bit of history and culture that has yet to be fully invaded by Tourists.

Some seasonal expats and some permanent. But not many.
It's better for a country if its not ruined by millions of visitors each year.

Think Cancun, Bali, Dubrovnik, all have paid a price for being discovered and inundated with weekend pass folks.",Nötr
Sofia,YouTubeTargeted,This is the most American review of a city i''ve ever seen.,Olumlu
Sofia,YouTubeTargeted,When did YouTubers become so obsessed with coffee? How is the quality of coffee and the number of cafes indicative of a city's quality of life. Ridiculous.,Olumsuz
Sofia,YouTubeTargeted,WELCOME. WELCOME TO CITY 17.,Olumlu
Sofia,YouTubeTargeted,"Oldest continuously existing state: San Marino (founded in 301 AD)

Oldest kingdom still existing: Bulgaria (founded in 681 AD)

Oldest European civilization: Greece (ancient culture since ~2000 BC; modern state from 1830)

One of the oldest unified European states: France (traditionally dated to 843 AD)",Nötr
Sofia,YouTubeTargeted,"Just read Bill Bryson's book where he tours Europe from Hammersted to Istanbul, penultimate stop Sofia. It was written in 1990/2.
Nothing in this video that appeals to me, I feel there's so much more to see than a restaurant. I noticed the McDonalds, the death sign for any city of culture.
Thanks but no thanks.",Olumlu
Sofia,YouTubeTargeted,"3rd class, rubbish city with racist people.",Olumsuz
Sofia,YouTubeTargeted,Sofia is so underrated — this city deserves way more love ,Olumlu
Sofia,YouTubeTargeted,"Sofia is the most amazing place I've ever visited in my life, full of history, unique culture, kind people, and delicious food, this city has a special place in my heart  Thank you for sharing your beautiful moment with us ",Olumlu
Sofia,YouTubeTargeted,"""The oldest gold treasury in the world is located at the Varna Necropolis in Bulgaria. This prehistoric burial site contains the oldest gold artifacts and jewelry ever discovered, dating back to 4,600 BC to 4,200 BC. Over 300 graves have been excavated, revealing more than 3,000 gold objects, weighing over 6 kilograms.""",Olumlu
Sofia,YouTubeTargeted,"I didn’t expect to like Sophia when I went there. After 3 days of business trip, I fell in love, the food and the wine! ",Olumlu
Sofia,YouTubeTargeted,REAL CITY 17!,Olumlu
Sofia,YouTubeTargeted,"We have amphitheatre also. 
The Amphitheatre of Serdica was among the biggest in the eastern part of the Roman Empire and the largest in what is today Bulgaria. It lay outside the city walls of Serdica and hosted fights between gladiators and wild beasts, which were advertised at the entrance of the city.",Nötr
Sofia,YouTubeTargeted,Looks like a beautiful city. Greetings from Ireland,Olumlu
Sofia,YouTubeTargeted,"Yea, and more recently, a 60 m^2 apartments in Sofia have become as expensive as the French Riviera...",Nötr
Sofia,YouTubeTargeted,Maximum try to help Small Businesses kindness Natures persons .,Olumsuz
Sofia,YouTubeTargeted,Great video! the food in Bulgaria is so great! My only criticism is that everyone should remember to take their backpacks off when they get on public transport.,Olumlu
Sofia,YouTubeTargeted,https://youtube.com/shorts/4sCm5NxMv-c?si=D0iFaOn7RmQUSp6J,Nötr
Sofia,YouTubeTargeted,"I love that more tourists are coming to Bulgaria. I'm from Bulgaria, but from one of the smaller cities, recently moved to Sofia to study. The thing is, you don't see how beautiful your country isbecause you live in it and you take all those beautiful things for granted, but talking with tourists and seeing their responce to our culture, hustory, traditions, nature and so much more, makes me as well realise, what a beautiful place I was born and rased in. 
Personally (and a lot more people too) would recmand to any tourists to go to our natural SPAs,  they are mainly locarted around the mountains and countrysides, and they have hot mineral waters, which is actually one of the best ways to heal your body and relax.
I hope every person that comes here in Bulgaria, has a good impresion and tries to see the countryside and the smaller towns, even tho they aren't made for tourists, you will probably have a harder time to get around with english and there won't be so many landmarks, but it's a lot cheaper than Sofia is and there are still so many cultural and natural places and things to look at ^^",Olumlu
Sofia,YouTubeTargeted,"Actually Sofia is quite big city. Approximately 480 square metres compared to New York city with their 1215 km²
But Sofia is 12 times older, so...",Nötr
Belgrade,YouTubeTargeted,"I wouldn't call Belgrade walkable at all. Downtown, yes, but there's so much more to the city.",Olumlu
Belgrade,YouTubeTargeted,"THINGS YOU CAN DO FOR FREE IN BELGRADE >>> As of 1/1/2025, public transportation is free (except the A1 shuttle bus from the airport and ""E"" mini buses that you may see here and there). Buses, trams, trolley-buses, and electric buses are free, like a hop on - hop off system. Bus 72 from the airport to Zeleni Venac (wider city center) is also free - with just a short walk to the main pedestrian street which is in the center. Entrance to the Belgrade Fortress and the Saint Sava Temple is free. Entrance to all religious objects is free. Entrance to all parks is free (except the Botanical Garden). Some museums offer free admission on certain days. For example, the National Museum is free on Sundays, others may be giving free admission on other days, you have to Google it, depending on your interests (Belgrade has 52 registered museums, small and large). Entrance to the Ada Lake/beach is free. So, quite a bit of free stuff to do. You can always sit on a park bench and do people-watching, enjoy the sunset at the fortress or at the very impressive Monument to the Unknown Hero at Avala Mountain, walk and ride as much as you want... Tap water is safe and potable, so you don't have to keep on buying bottled water. You can refill at your apartment or hotel, or at that public fountain in the main pedestrian street. If you eat at bakeries and fast food places, you can get a meal for a few bucks. So, done right, Belgrade can be quite affordable.",Olumlu
Belgrade,YouTubeTargeted,"You don't need to tip in Serbia. You just round up. For example your bill is 470 dinars, you round to 500. Thats like 2-3 cents.",Olumsuz
Belgrade,YouTubeTargeted,"Thank you for that useful information.
I'll visit Belgrade next month with my family.
Could anyone know the public transportation, such as bus or tram that are  free of charge? Because a vlogger said its free. But i can't find that information online.
I need to plan car hire or join local tour or just travel those fabulous views on foot & by public transport. 
Please give me some advice. Thanks!",Olumlu
Belgrade,YouTubeTargeted,"I just got to belgrade. As I was leaving the airport, someone offered a taxi. I asked how much. He promised ""very little."" I should have pressed for a specific rate. This piece of shit stole $60 from me at the end of the drive. I knew he was ripping me off, and when I got to my hostel I asked the receptionist and heard that it should have been one third as much.

Not a great first impression, to be honest.",Nötr
Belgrade,YouTubeTargeted,"Apartment Emily Belgrade,  very good",Olumlu
Belgrade,YouTubeTargeted,How can one asks questions to the local people unless one can speak Serbian?  Is English widely understood?,Nötr
Belgrade,YouTubeTargeted,"Lived there for half a year and not only is Belgrade intense in its beauty, but easy-going, laid-back, brazen. They give zero f-oooo. Think of Turkey with a perfect dash of Slavic culture and something else? Go on, Београд!",Olumlu
Belgrade,YouTubeTargeted,"Just a note for potential visitors: As of January 1, 2025, the public transportation in Belgrade is free for everyone, including visitors. Of course, we will pay for it via other means - through higher utility bills or from the budget to which we all contribute. But, for tourists it is free. Buses and electric buses, trams, trolley-buses, mini vans, and a limited train system to the outskirts of Belgrade. There is no metro (subway).",Nötr
Belgrade,YouTubeTargeted,"Husband is Serbian, we are in Serbia right now. From Las Vegas USA. Visiting for a month. We have a condo in Kragujevac but currently we are in Belgrade. It’s great. American people have no idea. We have people in the states that Think Serbia is sooo dangerous and Serbians are cruel people. They are just uneducated, and I am American…",Nötr
Belgrade,YouTubeTargeted,"Welcome to Belgrade, Serbia! https://www.youtube.com/watch?v=kaLneTHCOt4",Olumlu
Belgrade,YouTubeTargeted,I have been for 10 daya in Belgrade what a beautiful city..,Olumlu
Belgrade,YouTubeTargeted,"regarding foods, what are you Indian chefs ( who want to start a business ) waiting for? Vegetarian restaurants are badly needed! especially in summer.
great video by the way!",Nötr
Belgrade,YouTubeTargeted,"Bus passes are tricky to get hold of - you won't be able to get them from the kiosks dotted around the city as they say in the guide books. The only place you can get them is at 6, Kneza Mihaila, next to the Belgrade Cultural Centre. Go through the ordinary glass front door, then up the stairs to the second floor. We went there a few weeks ago and they didn't have any 3-day passes, only 1-day (which you can't buy in advance, they have to be used on that day), 7-day or 30-day. They 7-day pass costs 800 dinars.",Nötr
Belgrade,YouTubeTargeted,"Except for the available parking slots the rest of the info is true for almost every Eastern/Central European city.

We've to Belgrade a month ago (July 2023) and the info is still actual. Great job! ",Olumlu
Belgrade,YouTubeTargeted,"I honestly do NOT feel that you did Belgrade any justice!!

I’ve lived here off and on for 4 years, and your “tips” are all super self explanatory except the smoking part…

And no Serbians are NOT “happy to help”  they actually sincerely frown upon you for only speaking English and not Srpski…

However it’s a Slavic thing, AND I agree with THEM! We’re in their country we should speak their language…


I hate to give a negative review but you definitely didn’t spend any time on the good parts of Belgrade… 

Also, Belgrade does NIT represent Serbia as a whole, the rest of the country is quite different … 

I’d love it if you’d do a 2nd short talking about the difficulties and issues being a non Serbian speaking / non Cyrillic reading person…

MAKE SURE UOU HAVE PHOTO TRANSLATOR ON YOUR PHONE
AND INTERNET SUCKS generally here but there are many “free WiFi zone” areas especially near bud stops.

Also Public Transportation here is TOP NOTCH

TAXI’s…

Legit or not you don’t get ripped off and you get where you’re going 

And belgrade/Serbia is mostly dog friendly also!!!",Nötr
Belgrade,YouTubeTargeted,"Have to say thank you for lovely and accurate presentation of our city.
Živ bio sto godina!",Olumlu
Belgrade,YouTubeTargeted,Is the public transport system easy to figure out? I don’t want to get fined for not paying correctly? How does the payment system work?,Olumlu
Belgrade,YouTubeTargeted,"The safest city i’ve been to in europe, or anywhere in general. No mugging, no homeless population, no tourist scams like in paris or any city in italy. Love this city!",Olumlu
Belgrade,YouTubeTargeted,"Usually I loath vlogger travel videos, but this one has to be one of the best executed I've seen. Straight to the point, informative and not pretenious. Thanks for the tips!",Olumlu
Belgrade,YouTubeTargeted,Whats the weather like in Serbia in April?,Nötr
Belgrade,YouTubeTargeted,"Btw, the unlicensed cabs are the ones with just a white sign and number on top. The legit ones usually have an actual name such as Lux, Pink, Beogradski, Gold, Alfa Bell etc… altho even the legit taxis are pretty expensive. I would recommend using public transportation with help of google maps. Its practically free, if a controller comes you just say “srednja škola” if you look below 30 or “izlazim na sledećoj” if older. And im not even joking",Nötr
